url,name,id,current_subs,last_subs,growth,growth_rate,update_time,short_video,long_video_avg_views,long_video_avg_interaction_rate,update_frequency_days,overall_avg_duration_seconds
https://www.youtube.com/channel/UCzD9dbxu9x4ZTGHB7W7Zj3Q,【斎藤一人】幸運の魂神社,UCzD9dbxu9x4ZTGHB7W7Zj3Q,15100,15000,100,0.6667,2026-07-05 06:16:36,False,25085.0,0.12,0.95,1873.95
https://www.youtube.com/channel/UCFbUW3Ai8U_Z4u3gwzt3Biw,Chef Moe,UCFbUW3Ai8U_Z4u3gwzt3Biw,114000,111000,3000,2.7027,2026-07-02 06:11:37,False,198881.0,0.07,0.53,196.15
https://www.youtube.com/channel/UClxPwpKl6dD3ORI7mpQonqA,اسعار اليوم,UClxPwpKl6dD3ORI7mpQonqA,259000,259000,0,0.0,2026-07-10 06:18:42,False,11809.0,0.01,72.44,423.6
https://www.youtube.com/channel/UC3wTqZVjCt9zE47Uat6DluQ,Mensajes de Fe,UC3wTqZVjCt9zE47Uat6DluQ,11400,11000,400,3.6364,2026-07-15 05:01:34,False,5494.0,0.25,2.26,2134.45
https://www.youtube.com/channel/UCkmdrA4vTa8P2gEUddqx-rQ,ကိုထက်,UCkmdrA4vTa8P2gEUddqx-rQ,25500,25500,0,0.0,2026-07-26 05:46:39,False,156690.0,0.13,0.5,871.0
https://www.youtube.com/channel/UC5kFAy8bte07lwK1wM9MM8A,Alejo Igoa Fanzone,UC5kFAy8bte07lwK1wM9MM8A,23700,20400,3300,16.1765,2026-08-07 04:36:51,False,421918.0,0.03,2.2,7064.67
https://www.youtube.com/channel/UCSJWgojOtEXWVGb_6PGSSXA,Khit 24 Radio,UCSJWgojOtEXWVGb_6PGSSXA,15100,14200,900,6.338,2026-08-06 05:30:45,False,97571.0,0.03,0.73,1285.83
https://www.youtube.com/channel/UCobGVTsD_vkFlzzDspZ4C5Q,الفنان شريف المصرى ,UCobGVTsD_vkFlzzDspZ4C5Q,155000,150000,5000,3.3333,2026-08-11 03:54:40,False,848.0,0.23,0.0,1427.35
https://www.youtube.com/channel/UCOSVEh-kzZ8yBYtEQMHBEaQ,DramaWave - 한국어 채널,UCOSVEh-kzZ8yBYtEQMHBEaQ,54800,54600,200,0.3663,2026-08-18 03:06:48,False,622.0,0.0,0.42,1039.2
https://www.youtube.com/channel/UCf7-HdRXFNDPBd1Wi7InXYA,Los Ilumikaki,UCf7-HdRXFNDPBd1Wi7InXYA,18800,18300,500,2.7322,2026-09-10 07:17:46,False,34014.0,0.04,0.53,3434.4
https://www.youtube.com/channel/UCJOXhSiTGG2ez_dkMmT2IDw,2d Htet Yan Linn,UCJOXhSiTGG2ez_dkMmT2IDw,37500,38200,-700,-1.8325,2026-09-16 07:34:53,False,17915.0,0.13,1.42,1842.45
https://www.youtube.com/channel/UCE9O7yLx2M-rMeucW9eRE0w,2D SHWE POE,UCE9O7yLx2M-rMeucW9eRE0w,51900,51700,200,0.3868,2026-09-17 07:32:15,False,47856.0,0.19,3.47,1136.75
https://www.youtube.com/channel/UCxyjfk8ltGc0q-6ptta5QVw,글로벌 크로스,UCxyjfk8ltGc0q-6ptta5QVw,13400,11800,1600,13.5593,2026-09-16 07:36:56,False,40865.0,0.08,0.21,1146.95
https://www.youtube.com/channel/UCd7SCDxPEIYdXHkrpEmBXFA,Real _ news,UCd7SCDxPEIYdXHkrpEmBXFA,38800,38200,600,1.5707,2026-09-17 07:35:15,False,173442.0,0.06,0.09,2312.33
https://www.youtube.com/channel/UCysv84dYCq5wKOto1o5FKKQ,Torrano+Walking4K,UCysv84dYCq5wKOto1o5FKKQ,281000,281000,0,0.0,2026-09-24 07:36:59,False,2697.0,0.0,1.16,685.25
https://www.youtube.com/channel/UCsPGKqjKRRmmBWBJWUZT5cA,kamila mora,UCsPGKqjKRRmmBWBJWUZT5cA,271000,270000,1000,0.3704,2026-10-04 08:17:37,False,601334.0,0.14,16.67,795.0
https://www.youtube.com/channel/UCc0Y23FxJzlajm3VngyE11w,精華臘月,UCc0Y23FxJzlajm3VngyE11w,58200,58200,0,0.0,2026-10-04 08:17:38,False,72.0,0.0,1.37,1835.35
https://www.youtube.com/channel/UC0r-2f003yXdV5En7qHlrGw,つんはしご,UC0r-2f003yXdV5En7qHlrGw,85300,85200,100,0.1174,2026-10-04 08:17:40,False,266230.0,0.04,12.33,1281.5
https://www.youtube.com/channel/UCTpUhRp0z_15U6PWg7_27kg,陈一枝,UCTpUhRp0z_15U6PWg7_27kg,149000,149000,0,0.0,2026-10-04 08:17:41,False,223980.0,0.03,70.84,813.6
https://www.youtube.com/channel/UCAs3UP1ndc8S7DEo9-dJ9sw,SilentXshotYT,UCAs3UP1ndc8S7DEo9-dJ9sw,212000,208000,4000,1.9231,2026-10-04 08:17:42,False,84439.0,0.01,0.53,3543.5
https://www.youtube.com/channel/UCKA1SwaGenTpQVk4QQQt8cg,Sabiduría con Florence,UCKA1SwaGenTpQVk4QQQt8cg,34300,34100,200,0.5865,2026-10-04 08:17:43,False,530.0,0.05,0.74,1822.9
https://www.youtube.com/channel/UCpG2ZRcRIaIE2DSpBDimTOg,A Caccia Di Trader Ufficiale,UCpG2ZRcRIaIE2DSpBDimTOg,201000,201000,0,0.0,2026-10-04 08:17:45,False,34761.0,0.01,4.79,1316.9
https://www.youtube.com/channel/UCeud_7A_-4A5vddCSQON8kQ,BLURY,UCeud_7A_-4A5vddCSQON8kQ,242000,242000,0,0.0,2026-09-27 08:03:50,False,934.0,0.02,0.26,7029.5
https://www.youtube.com/channel/UC3zuoUuA9z5w_IzyTmv4o0A,GameWithTania,UC3zuoUuA9z5w_IzyTmv4o0A,175000,175000,0,0.0,2026-10-04 08:17:54,False,6043.0,0.0,2.11,3221.65
https://www.youtube.com/channel/UC6K8kugJ-MbWtbn5gd8u-9Q,Acoustic Terrace,UC6K8kugJ-MbWtbn5gd8u-9Q,209000,209000,0,0.0,2026-10-04 08:17:55,False,38279.0,0.0,2.37,7172.15
https://www.youtube.com/channel/UCrq4Afi8yecX414TUEJ2FVQ,Caba Quiz - Trivia,UCrq4Afi8yecX414TUEJ2FVQ,166000,165000,1000,0.6061,2026-10-04 08:17:57,False,65040.0,0.02,1.74,1368.35
https://www.youtube.com/channel/UCi2gfHEQLxgmxU69to49LVA,MA Movies Recap,UCi2gfHEQLxgmxU69to49LVA,185000,184000,1000,0.5435,2026-10-04 08:17:58,False,73312.0,0.04,1.68,5076.65
https://www.youtube.com/channel/UCnSlpmbhavBYbW7pED0bntA,Sahabat Selamanya Upin & Ipin,UCnSlpmbhavBYbW7pED0bntA,169000,168000,1000,0.5952,2026-10-04 08:17:59,False,692542.0,0.0,1.32,1291.7
https://www.youtube.com/channel/UCDWb-6r1YZq3nA-ei8gbWbg,Movie In,UCDWb-6r1YZq3nA-ei8gbWbg,285000,285000,0,0.0,2026-10-04 08:18:00,False,46893.0,0.01,2.11,7130.35
https://www.youtube.com/channel/UCP9N46LjGL-_UkhiEMxfMug,九菇凉,UCP9N46LjGL-_UkhiEMxfMug,150000,149000,1000,0.6711,2026-10-04 08:18:02,False,678.0,0.04,0.0,7646.6
https://www.youtube.com/channel/UCqn0PcOplEf--P00fo8CXbA,Movie Topic,UCqn0PcOplEf--P00fo8CXbA,276000,276000,0,0.0,2026-10-04 08:18:03,False,39147.0,0.01,1.11,6929.4
https://www.youtube.com/channel/UCna-a0hxpjsiyA7s0Fcillg,Grand  Theater高雅剧院,UCna-a0hxpjsiyA7s0Fcillg,44400,44300,100,0.2257,2026-10-04 08:18:04,False,2468.0,0.01,0.16,5751.6
https://www.youtube.com/channel/UC3NLAwUyAqHpTgjDiS4O7oA,HappyCat.黑皮猫,UC3NLAwUyAqHpTgjDiS4O7oA,202000,202000,0,0.0,2026-10-04 08:18:06,False,34676.0,0.01,3.68,475.05
https://www.youtube.com/channel/UCt50haH6QzApVIOVAzbBzcA,Bile aLta,UCt50haH6QzApVIOVAzbBzcA,221000,221000,0,0.0,2026-10-04 08:18:07,False,173053.0,0.07,3.58,2174.5
https://www.youtube.com/channel/UCZSd1O54--8Gk1cHvgJPoEw,ACE Prayer TV,UCZSd1O54--8Gk1cHvgJPoEw,159000,159000,0,0.0,2026-10-04 08:18:08,False,587.0,0.02,4.0,4355.05
https://www.youtube.com/channel/UCfakseK6kxbKqYdMm-mkMoQ,JanIgg,UCfakseK6kxbKqYdMm-mkMoQ,122000,122000,0,0.0,2026-10-04 08:18:09,False,0.0,0.0,0.0,0.0
https://www.youtube.com/channel/UCdrKLlN7Rk9cDqL6GXUMDfg,BabciaMarysia,UCdrKLlN7Rk9cDqL6GXUMDfg,150000,150000,0,0.0,2026-10-04 08:18:11,False,28781.0,0.05,1.32,12141.6
https://www.youtube.com/channel/UC1tIdrloaDvrxTzk7L0i1Ig,عين روضتي - IEN Rawdaty ,UC1tIdrloaDvrxTzk7L0i1Ig,61700,61600,100,0.1623,2026-10-04 08:18:12,False,264.0,0.01,1.37,13854.2
https://www.youtube.com/channel/UCRL-qI3RI7SujpXttHuRq0g,PicturesKart,UCRL-qI3RI7SujpXttHuRq0g,245000,245000,0,0.0,2026-10-04 08:18:13,False,6135.0,0.01,1.63,7209.15
https://www.youtube.com/channel/UCJrNVKTXKmj1nNW5iRdKddA,Adriel Trader - Day Trade Ao Vivo,UCJrNVKTXKmj1nNW5iRdKddA,8450,8450,0,0.0,2026-10-04 08:18:15,False,2260.0,0.1,2.21,29630.9
https://www.youtube.com/channel/UCNNLtlZ7ST6toqHJaGEaiVQ,24 Horas México,UCNNLtlZ7ST6toqHJaGEaiVQ,12200,12200,0,0.0,2026-10-04 08:18:16,False,74944.0,0.05,1.11,1257.8
https://www.youtube.com/channel/UCVcQxfzwnP7J5XKY1dWwh6g,Éxitos Latino,UCVcQxfzwnP7J5XKY1dWwh6g,17500,17500,0,0.0,2026-10-04 08:18:17,False,1855.0,0.0,0.05,1445.6
https://www.youtube.com/channel/UCKg_JumM8X9VfMAdDKUsXFg,秘密のお芋,UCKg_JumM8X9VfMAdDKUsXFg,31400,29300,2100,7.1672,2026-10-04 08:18:18,False,328451.0,0.02,0.0,980.0
https://www.youtube.com/channel/UCHcSf-BZ-RSMZ9ydqrWhzGg,군사 기밀,UCHcSf-BZ-RSMZ9ydqrWhzGg,27200,27200,0,0.0,2026-10-04 08:18:20,False,111442.0,0.05,0.5,1350.59
https://www.youtube.com/channel/UCI_JpCN33lSVsX9FhngiNbA,Justice Stories AI,UCI_JpCN33lSVsX9FhngiNbA,150000,150000,0,0.0,2026-10-04 08:18:21,False,1986.0,0.0,0.16,521.2
https://www.youtube.com/channel/UCv6hPkSHdmuw8KrFg1RJzKA,Music Palette,UCv6hPkSHdmuw8KrFg1RJzKA,64800,64800,0,0.0,2026-10-04 08:18:22,False,1751.0,0.01,2.26,9699.55
https://www.youtube.com/channel/UCcfwMks5KNU0TPtqdK8wonw,매일 한편,UCcfwMks5KNU0TPtqdK8wonw,48500,46200,2300,4.9784,2026-10-04 08:18:24,False,67924.0,0.01,0.26,5464.3
https://www.youtube.com/channel/UCKvVflpQ2AONI5Q6SeXYSZw,석류알 천일담,UCKvVflpQ2AONI5Q6SeXYSZw,11900,11900,0,0.0,2026-10-04 08:18:25,False,23678.0,0.04,4.63,4572.45
https://www.youtube.com/channel/UCscKmBuJ6r9V9T-8BFSujIQ,Top Gear Tech,UCscKmBuJ6r9V9T-8BFSujIQ,17400,17300,100,0.578,2026-10-04 08:18:26,False,2521749.0,0.01,0.0,1501.0
https://www.youtube.com/channel/UCLx6XVKI4N93BhCJLRWnocg,"AbsoluteGARBAGE007 - UK Litter,Trash & Eco Cleanup",UCLx6XVKI4N93BhCJLRWnocg,37000,37000,0,0.0,2026-10-04 08:18:27,False,15429.0,0.01,8.47,2151.75
https://www.youtube.com/channel/UCJjylGdRfzVcszMBBZIVj4Q,brikit,UCJjylGdRfzVcszMBBZIVj4Q,71000,70900,100,0.141,2026-10-04 08:18:29,False,514006.0,0.04,123.89,1613.1
https://www.youtube.com/channel/UCll7K3Iz1ZJxlmFvqucF5Ww,Nomad Kids 3D Deutsch - Kinderlieder,UCll7K3Iz1ZJxlmFvqucF5Ww,81300,80900,400,0.4944,2026-10-04 08:18:30,False,1482317.0,0.0,3.26,932.05
https://www.youtube.com/channel/UClmLTpsy481yVq2ta9H6asA,Home-Office 2.0,UClmLTpsy481yVq2ta9H6asA,58600,58600,0,0.0,2026-10-04 08:18:31,False,52450.0,0.06,3.11,6426.6
https://www.youtube.com/channel/UClALSlIEW-vTHM_W2ltwlMw,Peter und der Wald Podcast,UClALSlIEW-vTHM_W2ltwlMw,16600,16500,100,0.6061,2026-10-04 08:18:32,False,39048.0,0.06,3.53,1555.7
https://www.youtube.com/channel/UCIviJ74eh22xnGYkkzAnlAQ,Астролог 365,UCIviJ74eh22xnGYkkzAnlAQ,20700,20700,0,0.0,2026-10-04 08:18:34,False,14206.0,0.03,1.0,5208.65
https://www.youtube.com/channel/UCqxlBPg8DNNI5-xo1N160KQ,ReiVirals,UCqxlBPg8DNNI5-xo1N160KQ,268000,268000,0,0.0,2026-10-04 08:18:35,False,835.0,0.0,2.7,1371.0
https://www.youtube.com/channel/UCoFBDp_dFP2BzEVPojrEuiw,Walk Off Sport,UCoFBDp_dFP2BzEVPojrEuiw,44400,44400,0,0.0,2026-10-04 08:18:36,False,1975.0,0.03,1.63,7811.55
https://www.youtube.com/channel/UCQss8xFofz4_f5snFvpVY7g,DJ Mauricio Kalil,UCQss8xFofz4_f5snFvpVY7g,11200,11200,0,0.0,2026-10-04 08:18:38,False,3765.0,0.03,184.05,3459.65
https://www.youtube.com/channel/UCNypLAfw3QAQ-wUs9jDWDHw,BAY movies ,UCNypLAfw3QAQ-wUs9jDWDHw,54900,54400,500,0.9191,2026-10-04 08:18:39,False,84604.0,0.01,1.53,5747.15
https://www.youtube.com/channel/UCw0a2y0G5Z3_y5b8HUlYHIg,Stream en el Cielo,UCw0a2y0G5Z3_y5b8HUlYHIg,55100,54200,900,1.6605,2026-10-04 08:18:40,False,55468.0,0.06,11.47,1434.2
https://www.youtube.com/channel/UCbWYfJFFivNFK-7fuuTp39g,Praying with Jesus,UCbWYfJFFivNFK-7fuuTp39g,20000,20000,0,0.0,2026-10-04 08:18:41,False,1905.0,0.03,0.95,20115.1
https://www.youtube.com/channel/UCgBLKA3IMa1gamkJjKgJ9Uw,COMUNIDAD BITCOIN,UCgBLKA3IMa1gamkJjKgJ9Uw,26000,26000,0,0.0,2026-10-04 08:18:43,False,2770.0,0.08,1.84,13538.35
https://www.youtube.com/channel/UCJEovXjro7xegj7TJbJD9LQ,Cilya Adisty,UCJEovXjro7xegj7TJbJD9LQ,34800,34800,0,0.0,2026-10-04 08:18:44,False,2845.0,0.05,1.55,3148.5
https://www.youtube.com/channel/UCfBrPit2Z6lef16zvYRwPpg,Tomo,UCfBrPit2Z6lef16zvYRwPpg,17200,17200,0,0.0,2026-10-04 08:18:45,False,8742.0,0.0,1.4,4275.5
https://www.youtube.com/channel/UCfCq6HT3_Dhz-Yuy84r6_Iw,Rose Story Channel,UCfCq6HT3_Dhz-Yuy84r6_Iw,63100,63100,0,0.0,2026-10-04 08:18:46,False,5659.0,0.03,2.88,6488.22
https://www.youtube.com/channel/UCpgQGLDE1kniwnWXwGlj9Fw,หนังไทยฮอต,UCpgQGLDE1kniwnWXwGlj9Fw,31600,31600,0,0.0,2026-10-04 08:18:48,False,24659.0,0.02,1.42,7608.55
https://www.youtube.com/channel/UCn91yIoGEHGGZ6A0aK3Z8mg,SHWE TOE,UCn91yIoGEHGGZ6A0aK3Z8mg,14700,12600,2100,16.6667,2026-09-24 07:38:04,False,78362.0,0.13,1.0,661.33
https://www.youtube.com/channel/UCBwo4KWETPMuAptmCaCRmSQ,Jay Den English Speaking Partner ,UCBwo4KWETPMuAptmCaCRmSQ,118000,118000,0,0.0,2026-10-04 08:18:57,False,2169.0,0.04,0.84,1235.35
https://www.youtube.com/channel/UCJmqTz2_gRTy5hP5OUw8jBw,Totorin Review,UCJmqTz2_gRTy5hP5OUw8jBw,25400,25100,300,1.1952,2026-10-04 08:18:58,False,2622.0,0.04,1.05,7543.25
https://www.youtube.com/channel/UCe7V0cqm3I1xtHuY-BvOgXw,Uncle_,UCe7V0cqm3I1xtHuY-BvOgXw,84100,84000,100,0.119,2026-10-04 08:18:59,False,14678.0,0.01,1.0,15869.85
https://www.youtube.com/channel/UCWd3DUblg2fU41tdgptoqKg,ဓမ္မတရားတော်များ{လူသားအားလုံးအကျိုပြုတရားတော်များ},UCWd3DUblg2fU41tdgptoqKg,37300,36400,900,2.4725,2026-10-04 08:19:01,False,53622.0,0.02,0.95,7501.3
https://www.youtube.com/channel/UCfH8qCe8zZUM8-Th1AalAjg,강호 운우창,UCfH8qCe8zZUM8-Th1AalAjg,54900,54700,200,0.3656,2026-10-04 08:19:02,False,7753.0,0.01,0.47,4671.3
https://www.youtube.com/channel/UCBvBbdFAbE0uaJuu4QBbTQw,J ksskpdpduu,UCBvBbdFAbE0uaJuu4QBbTQw,48500,48100,400,0.8316,2026-10-04 08:19:03,False,3019973.0,0.0,0.42,2484.5
https://www.youtube.com/channel/UCdD1ZbFX_synuL_O0eLf2yg,"睡, 豬pig (睡豬)",UCdD1ZbFX_synuL_O0eLf2yg,45600,45500,100,0.2198,2026-10-04 08:19:04,False,66066.0,0.01,5.11,786.35
https://www.youtube.com/channel/UCsMsbK3VqQOxznfW7uYbFUw,Studio Drama,UCsMsbK3VqQOxznfW7uYbFUw,20800,20000,800,4.0,2026-10-04 08:19:06,False,46252.0,0.01,0.32,7910.05
https://www.youtube.com/channel/UCEuVvhXqnXyXQdKoGTm50Eg,Sem Bouwmeister,UCEuVvhXqnXyXQdKoGTm50Eg,17100,17100,0,0.0,2026-10-04 08:19:07,False,2296.0,0.02,1.68,6351.6
https://www.youtube.com/channel/UCgQMRO2WzPxdkrh-n4iNU3w,Adam Smedberg,UCgQMRO2WzPxdkrh-n4iNU3w,23100,23100,0,0.0,2026-10-04 08:19:08,False,94347.0,0.02,8.37,1395.1
https://www.youtube.com/channel/UCBh995_VUpFW2rgPizAXQuQ,♡DANIELA♡,UCBh995_VUpFW2rgPizAXQuQ,15100,15100,0,0.0,2026-10-04 08:19:10,False,2637.0,0.08,2.89,1695.9
https://www.youtube.com/channel/UCHaUwN4PS39lg9U7wpAwPKg,希兒短劇,UCHaUwN4PS39lg9U7wpAwPKg,34000,32700,1300,3.9755,2026-10-04 08:19:11,False,54465.0,0.01,0.53,10226.05
https://www.youtube.com/channel/UCN8dDs4an9PXkH3uv06bJYA,爆裂劇場,UCN8dDs4an9PXkH3uv06bJYA,26600,25400,1200,4.7244,2026-10-04 08:19:12,False,40010.0,0.01,0.47,13562.8
https://www.youtube.com/channel/UCXOBv_KPp7l-CZSFQTkqUsw,남성 역전 극장,UCXOBv_KPp7l-CZSFQTkqUsw,12000,11900,100,0.8403,2026-10-04 08:19:13,False,47525.0,0.01,1.0,9230.2
https://www.youtube.com/channel/UC-cZ2vVWUyxUNZImaHa-hlg,Sophia Drama,UC-cZ2vVWUyxUNZImaHa-hlg,13300,13100,200,1.5267,2026-10-04 08:19:15,False,71889.0,0.03,2.16,3829.65
https://www.youtube.com/channel/UC8z8qcqzzG6H9JvGAeNOVpw,TanVuu,UC8z8qcqzzG6H9JvGAeNOVpw,184000,183000,1000,0.5464,2026-10-04 08:19:16,False,83504.0,0.02,1.89,10792.65
https://www.youtube.com/channel/UCx_qMmgzs0zm6S1hwecws3w,vindirik,UCx_qMmgzs0zm6S1hwecws3w,14400,14400,0,0.0,2026-10-04 08:19:17,False,141409.0,0.03,48.25,835.0
https://www.youtube.com/channel/UC0z9wZboGfJv7RD7Wchzl8Q,Mitos,UC0z9wZboGfJv7RD7Wchzl8Q,109000,108000,1000,0.9259,2026-10-04 08:19:18,False,356621.0,0.04,12.0,710.75
https://www.youtube.com/channel/UCg_BIpe3XBtmatrbzj4UPtw,Michał Karnowski,UCg_BIpe3XBtmatrbzj4UPtw,53300,53300,0,0.0,2026-10-04 08:19:20,False,32334.0,0.1,1.53,1408.8
https://www.youtube.com/channel/UCtT_fZXdZzeeJWbs-rjT5bA,دراما زون,UCtT_fZXdZzeeJWbs-rjT5bA,48400,48400,0,0.0,2026-10-04 08:19:21,False,7986.0,0.02,1.89,7482.15
https://www.youtube.com/channel/UC79CSaESyV-m2Kg1zzOuVKA,Eva Niksen Arabic Stories,UC79CSaESyV-m2Kg1zzOuVKA,105000,103000,2000,1.9417,2026-10-04 08:19:22,False,438657.0,0.0,2.32,1694.05
https://www.youtube.com/channel/UClhT8YwCMCgf6j2VIEVr9tA,CineHikaya,UClhT8YwCMCgf6j2VIEVr9tA,49600,48100,1500,3.1185,2026-10-04 08:19:24,False,23554.0,0.02,0.21,5908.9
https://www.youtube.com/channel/UCsCgQkVexm1Cz_udRdNtTVA,أسطورة الأبطال,UCsCgQkVexm1Cz_udRdNtTVA,105000,104000,1000,0.9615,2026-10-04 08:19:25,False,37215.0,0.01,0.47,4557.75
https://www.youtube.com/channel/UCTnDytrdne3fP-VRBi0vPwg,فارس الطماوي,UCTnDytrdne3fP-VRBi0vPwg,113000,113000,0,0.0,2026-10-04 08:19:26,False,74776.0,0.03,3.84,1045.45
https://www.youtube.com/channel/UCGW_aQmPAFC5MYw_i4aspkQ,‏‎Arab Sports Studio,UCGW_aQmPAFC5MYw_i4aspkQ,47200,46800,400,0.8547,2026-10-04 08:19:27,False,9885.0,0.01,0.0,1255.7
https://www.youtube.com/channel/UCw_khcEfjpgbp5vNEY71ZTw,Todo Explicado,UCw_khcEfjpgbp5vNEY71ZTw,49600,49200,400,0.813,2026-10-04 08:19:29,False,33776.0,0.03,2.21,2760.95
https://www.youtube.com/channel/UCAtkLx1X6e8e708PTDgGWcg,C-Drama en Español,UCAtkLx1X6e8e708PTDgGWcg,19800,19300,500,2.5907,2026-10-04 08:19:30,False,21644.0,0.02,1.05,7258.3
https://www.youtube.com/channel/UCp8-8yMZwdMvf4XkZlsgRWA,レベルマ【生成AI情報発信】,UCp8-8yMZwdMvf4XkZlsgRWA,15600,15600,0,0.0,2026-10-04 08:19:31,False,18543.0,0.0,6.95,517.25
https://www.youtube.com/channel/UCz2rdrXuqJP9gdn1Wtqe_fw,星甜追劇-Drama,UCz2rdrXuqJP9gdn1Wtqe_fw,90800,90600,200,0.2208,2026-10-04 08:19:32,False,212938.0,0.0,1.21,4582.35
https://www.youtube.com/channel/UC57fKZUVm6_WwGFvyGHWGiA,에바 닉센 키즈,UC57fKZUVm6_WwGFvyGHWGiA,130000,128000,2000,1.5625,2026-10-04 08:19:34,False,512925.0,0.0,2.26,1769.2
https://www.youtube.com/channel/UCWTkQVczvm9ozohA1G5gTNw,GCS Machinery,UCWTkQVczvm9ozohA1G5gTNw,118000,117000,1000,0.8547,2026-10-04 08:19:35,False,10273.0,0.06,1.53,1244.75
https://www.youtube.com/channel/UC6pf_AcjZGAsj7YUaX1KEyg,Die rechten Opas,UC6pf_AcjZGAsj7YUaX1KEyg,27000,26400,600,2.2727,2026-10-04 08:19:36,False,94146.0,0.03,0.21,824.3
https://www.youtube.com/channel/UCH0fY9vqthEbq36cJVQpt5w,مسلسل العروس,UCH0fY9vqthEbq36cJVQpt5w,49900,49000,900,1.8367,2026-10-04 08:19:37,False,22995.0,0.01,0.26,953.7
https://www.youtube.com/channel/UC5nL8Q_n8CqiINO2NkEHmmA,Rius,UC5nL8Q_n8CqiINO2NkEHmmA,51000,51000,0,0.0,2026-10-04 08:19:39,False,29815.0,0.1,21.67,1088.43
https://www.youtube.com/channel/UCV5gJ0iZp3jqELn9P2XRiXw, Trojan,UCV5gJ0iZp3jqELn9P2XRiXw,22500,22400,100,0.4464,2026-10-04 08:19:40,False,102481.0,0.03,4.63,1267.75
https://www.youtube.com/channel/UC00LRFQ9Tld4vR7SBV9K-Vg,Sar Pay,UC00LRFQ9Tld4vR7SBV9K-Vg,16300,16000,300,1.875,2026-10-04 08:19:41,False,11166.0,0.01,0.84,3981.9
https://www.youtube.com/channel/UC5qNw2eo7yA8-mSyugC71Sg,Miel Lovers,UC5qNw2eo7yA8-mSyugC71Sg,18100,17900,200,1.1173,2026-09-30 08:19:51,False,236962.0,0.01,0.67,4042.57
https://www.youtube.com/channel/UCIDHDpWiTTdlKQZiUKwMbYw,2 Reyes Stream,UCIDHDpWiTTdlKQZiUKwMbYw,26200,26000,200,0.7692,2026-10-04 08:19:51,False,1171.0,0.01,0.05,3535.15
https://www.youtube.com/channel/UCz--PpQfBRtyKG2qg_sxHYg,Entre Misterios,UCz--PpQfBRtyKG2qg_sxHYg,11900,11800,100,0.8475,2026-10-04 08:19:52,False,32013.0,0.02,2.0,2154.05
https://www.youtube.com/channel/UCTifBZYvUEprHLV83MedFiQ,နဂါးဘုရင် ဇာတ်ရုံ,UCTifBZYvUEprHLV83MedFiQ,45800,44000,1800,4.0909,2026-10-04 08:19:53,False,340990.0,0.02,3.75,8305.2
https://www.youtube.com/channel/UCrTR6pX9iOpiYjMSnO3DxUQ,Chinese Drama Recap ,UCrTR6pX9iOpiYjMSnO3DxUQ,122000,121000,1000,0.8264,2026-10-04 08:19:55,False,90989.0,0.04,0.89,5787.1
https://www.youtube.com/channel/UCsQndCW7X8XsNVJpaIUEeOg,เทอร์รากรีนไทย,UCsQndCW7X8XsNVJpaIUEeOg,49400,48900,500,1.0225,2026-10-04 08:19:56,False,178256.0,0.01,7.63,696.05
https://www.youtube.com/channel/UCFqHqEWmAKt5gSmkK7kx0-Q,超级爽劇場,UCFqHqEWmAKt5gSmkK7kx0-Q,34900,34600,300,0.8671,2026-10-04 08:19:57,False,82061.0,0.02,0.68,7920.1
https://www.youtube.com/channel/UCeuwLHAkGeQug0uPxTsO01w,Alpha Series,UCeuwLHAkGeQug0uPxTsO01w,118000,117000,1000,0.8547,2026-10-04 08:19:59,False,373833.0,0.0,1.37,4930.2
https://www.youtube.com/channel/UCLA-yK0TyiXESbwNtL1VubA,CN.科技发布会,UCLA-yK0TyiXESbwNtL1VubA,33500,33500,0,0.0,2026-10-04 08:20:00,False,17399.0,0.02,0.63,2561.25
https://www.youtube.com/channel/UCOYCs4tPDBhB5CJ3MizS0iw,Pinky in Mask,UCOYCs4tPDBhB5CJ3MizS0iw,46300,46100,200,0.4338,2026-10-04 08:20:01,False,100177.0,0.06,7.74,3035.0
https://www.youtube.com/channel/UCWVje4FgtBgf6tvRJ3PazsA,Teatro ng Tanglaw,UCWVje4FgtBgf6tvRJ3PazsA,26400,26100,300,1.1494,2026-10-04 08:20:02,False,92046.0,0.01,1.0,6445.0
https://www.youtube.com/channel/UCOM_LcjKQ1bQYm9J7hWqjYw,Barada Gold Dutch,UCOM_LcjKQ1bQYm9J7hWqjYw,113000,113000,0,0.0,2026-10-04 08:20:04,False,18413.0,0.01,2.32,1583.95
https://www.youtube.com/channel/UC4mVj-94iGF72_IdEiag1qQ,The One Sports Channel,UC4mVj-94iGF72_IdEiag1qQ,127000,127000,0,0.0,2026-10-04 08:20:05,False,53517.0,0.04,0.47,827.55
https://www.youtube.com/channel/UCYjrlbAKlZjIZ-K8_4qWUWQ,Motourlogue,UCYjrlbAKlZjIZ-K8_4qWUWQ,25800,25800,0,0.0,2026-10-04 08:20:06,False,64446.0,0.03,56.68,2034.25
https://www.youtube.com/channel/UCuFnuY9BlEDw7tV1Lc7JPAw,Delwyn,UCuFnuY9BlEDw7tV1Lc7JPAw,50300,50300,0,0.0,2026-10-04 08:20:08,False,101136.0,0.01,1.42,12293.95
https://www.youtube.com/channel/UChhKEng90t1xXLL8p4CpdZg,فصفص و سعدون,UChhKEng90t1xXLL8p4CpdZg,45500,44500,1000,2.2472,2026-10-04 08:20:09,False,162025.0,0.04,0.0,731.0
https://www.youtube.com/channel/UCHdmjOQU69h2SnaOVv_9FHg,ELROUQA Gaming,UCHdmjOQU69h2SnaOVv_9FHg,34300,33500,800,2.3881,2026-10-04 08:20:10,False,29218.0,0.09,0.58,1679.5
https://www.youtube.com/channel/UCUlM7tyGqMaId9yoWh1HVfg,DIY Central,UCUlM7tyGqMaId9yoWh1HVfg,43100,39800,3300,8.2915,2026-10-04 08:20:11,False,27022.0,0.01,1.25,722.33
https://www.youtube.com/channel/UCaN1hI4651U2B2PTRIuBEdA,أصدقاء عليشكو,UCaN1hI4651U2B2PTRIuBEdA,78700,78400,300,0.3827,2026-10-04 08:20:13,False,195127.0,0.02,0.68,3462.0
https://www.youtube.com/channel/UCRtvN21VARyvbte6_i8ehfw,VaniMani Suomi,UCRtvN21VARyvbte6_i8ehfw,267000,260000,7000,2.6923,2026-10-04 08:20:14,False,292511.0,0.0,2.42,1553.35
https://www.youtube.com/channel/UC1ck9GSo2zcfdkZXkOubldw,Unapologetically Human,UC1ck9GSo2zcfdkZXkOubldw,38500,38300,200,0.5222,2026-10-04 08:20:15,False,1839.0,0.03,3.79,1189.5
https://www.youtube.com/channel/UCe2eKwTQK9treJxgrptFRzA,DyeKno,UCe2eKwTQK9treJxgrptFRzA,348000,340000,8000,2.3529,2026-10-04 08:20:17,False,13548.0,0.0,2.47,10106.5
https://www.youtube.com/channel/UCjFoxretRMwINUd9VCK5AwQ,Aloha Sewing Company,UCjFoxretRMwINUd9VCK5AwQ,100000,100000,0,0.0,2026-10-04 08:20:18,False,21169.0,0.05,23.84,1075.7
https://www.youtube.com/channel/UCbdPCsQ5lTTs_mbtJAMGjwg,Goal Balls 12,UCbdPCsQ5lTTs_mbtJAMGjwg,64400,62000,2400,3.871,2026-10-04 08:20:19,False,4966432.0,0.0,0.26,3061.85
https://www.youtube.com/channel/UC9_70KWTnbRKVhie2MTtzxQ,Latido Club,UC9_70KWTnbRKVhie2MTtzxQ,36500,36000,500,1.3889,2026-10-04 08:20:20,False,47706.0,0.02,0.53,8689.75
https://www.youtube.com/channel/UCq4_W9cXrhSikWAUWDxg4Vw,CONASAMA,UCq4_W9cXrhSikWAUWDxg4Vw,18900,18900,0,0.0,2026-10-04 08:20:22,False,507.0,0.04,3.37,7904.75
https://www.youtube.com/channel/UCIbfiN-KX3VhrINOKZvO20A,Mat Armstrong Full Builds ES,UCIbfiN-KX3VhrINOKZvO20A,11800,11800,0,0.0,2026-10-04 08:20:23,False,593701.0,0.01,14.0,9994.67
https://www.youtube.com/channel/UCToQ_m_pvPo1tPTJU3NjX_w,小林の観察日記,UCToQ_m_pvPo1tPTJU3NjX_w,111000,110000,1000,0.9091,2026-10-04 08:20:24,False,558957.0,0.03,21.83,1751.71
https://www.youtube.com/channel/UCLerU7Ojpxd5pLCr6-XdsJw,Know How,UCLerU7Ojpxd5pLCr6-XdsJw,19000,19000,0,0.0,2026-10-04 08:20:26,False,2115.0,0.07,6.21,879.1
https://www.youtube.com/channel/UC0HfNAZDMaPZ6NA2oLcRLkw,Deine Dosis Deutsch,UC0HfNAZDMaPZ6NA2oLcRLkw,14900,14700,200,1.3605,2026-10-04 08:20:27,False,5321.0,0.04,1.63,3427.1
https://www.youtube.com/channel/UC58w8nl_Lv2QzfsFf9ybk_A,Харчовий Детектив,UC58w8nl_Lv2QzfsFf9ybk_A,26100,26000,100,0.3846,2026-10-04 08:20:28,False,28747.0,0.03,0.47,1214.5
https://www.youtube.com/channel/UCrRjTZSEjdjuu-lWf5TqT-w,Famosômetro,UCrRjTZSEjdjuu-lWf5TqT-w,14100,13900,200,1.4388,2026-10-04 08:20:29,False,47286.0,0.02,0.95,2534.8
https://www.youtube.com/channel/UCxEL2F4EMRRttC3--Cgj-IA,Dagar y Nacho,UCxEL2F4EMRRttC3--Cgj-IA,63900,62800,1100,1.7516,2026-10-04 08:20:31,False,15270.0,0.01,1.26,663.65
https://www.youtube.com/channel/UCuIwBeuPKAamCMHVdcb7S8g,Hidden Shadows,UCuIwBeuPKAamCMHVdcb7S8g,14500,14400,100,0.6944,2026-10-04 08:20:32,False,28214.0,0.02,0.32,3699.3
https://www.youtube.com/channel/UCYzGBigunnwGuNFb61_wFow,PrinceZamVODs,UCYzGBigunnwGuNFb61_wFow,34100,34100,0,0.0,2026-10-04 08:20:33,False,9656.0,0.04,3.58,10963.0
https://www.youtube.com/channel/UC-CF1gw2YmngE1qPrD6TkTQ,Bonguito,UC-CF1gw2YmngE1qPrD6TkTQ,21200,21000,200,0.9524,2026-10-04 08:20:34,False,12911.0,0.06,4.63,7832.95
https://www.youtube.com/channel/UC3LeWdN2uJu_SoVYTCyDIQg,Pelicanger Streams,UC3LeWdN2uJu_SoVYTCyDIQg,67200,67100,100,0.149,2026-10-04 08:20:36,False,72444.0,0.05,2.95,11263.35
https://www.youtube.com/channel/UCt98friBmIbx5M7OmsbtQnA,Cuentos del Rancho,UCt98friBmIbx5M7OmsbtQnA,25400,25100,300,1.1952,2026-10-04 08:20:37,False,56519.0,0.03,1.95,4191.15
https://www.youtube.com/channel/UCX_UEkIBk6OBohV0ZGFC0UA,Slirul,UCX_UEkIBk6OBohV0ZGFC0UA,29500,28900,600,2.0761,2026-10-04 08:20:38,False,157554.0,0.02,1.11,638.05
https://www.youtube.com/channel/UC6KlHEm9jQeRrNbO-mFaCzA,Psicopulso,UC6KlHEm9jQeRrNbO-mFaCzA,13100,12900,200,1.5504,2026-10-04 08:20:40,False,70791.0,0.02,2.11,879.7
https://www.youtube.com/channel/UC33Wm6oRnxZKXTDs7qX-LKw,KliperoTv,UC33Wm6oRnxZKXTDs7qX-LKw,12100,12100,0,0.0,2026-10-04 08:20:41,False,42416.0,0.02,1.08,2648.5
https://www.youtube.com/channel/UCpRkTqY1PDPXKt8GsyNcwHA,SHWE POE,UCpRkTqY1PDPXKt8GsyNcwHA,62100,62100,0,0.0,2026-10-04 08:20:42,False,195622.0,0.16,0.67,1316.5
https://www.youtube.com/channel/UCXF84j3cGh2ASWG8yosKXTw,动漫剧社—Anime Drama Club,UCXF84j3cGh2ASWG8yosKXTw,62900,61200,1700,2.7778,2026-10-04 08:20:43,False,1896.0,0.03,0.05,9605.3
https://www.youtube.com/channel/UCJs-8rzoadItgM6edU-H1mw,湯圓喵劇場,UCJs-8rzoadItgM6edU-H1mw,16300,16200,100,0.6173,2026-10-04 08:20:45,False,22323.0,0.01,1.05,4912.4
https://www.youtube.com/channel/UCUoaH5wQ7zzgomwlEWh02oA,你身体的秘密,UCUoaH5wQ7zzgomwlEWh02oA,16500,16200,300,1.8519,2026-10-04 08:20:46,False,28422.0,0.03,1.0,1409.75
https://www.youtube.com/channel/UCQiMXBXKd9Oo1a1gRk_Mwwg,青嶼-PEAKSHORT,UCQiMXBXKd9Oo1a1gRk_Mwwg,34800,34500,300,0.8696,2026-10-04 08:20:47,False,49296.0,0.01,0.47,8865.1
https://www.youtube.com/channel/UC9fW62CXyeS8SozH6Yns6sg,boss reaction tv,UC9fW62CXyeS8SozH6Yns6sg,35700,35600,100,0.2809,2026-10-04 08:20:48,False,25458.0,0.06,1.16,2921.0
https://www.youtube.com/channel/UCvr8o2LF7douFjnciHtDubA,Multi DO Swedish,UCvr8o2LF7douFjnciHtDubA,16500,16400,100,0.6098,2026-10-04 08:20:50,False,2716.0,0.0,2.32,630.85
https://www.youtube.com/channel/UC_kVtRsXc5vPeyA2ho_V1kQ,Hoangf,UC_kVtRsXc5vPeyA2ho_V1kQ,15300,15300,0,0.0,2026-10-04 08:20:51,False,18056.0,0.01,1.16,12736.95
https://www.youtube.com/channel/UCeHBSKdVmJ-LjQ611AcgVaQ,DuCkHjeUz,UCeHBSKdVmJ-LjQ611AcgVaQ,10600,10600,0,0.0,2026-10-04 08:20:52,False,2548.0,0.02,11.32,10368.4
https://www.youtube.com/channel/UCY8eC9UEkUVIKAk4e1ujcPA,MetalD,UCY8eC9UEkUVIKAk4e1ujcPA,15600,15600,0,0.0,2026-10-04 08:20:54,False,22372.0,0.02,1.68,11110.65
https://www.youtube.com/channel/UCq-MMmosXBmIFS6jK6lEJ0g,موفيز سكول - Movies School,UCq-MMmosXBmIFS6jK6lEJ0g,116000,116000,0,0.0,2026-10-04 08:20:55,False,79015.0,0.02,1.42,2152.95
https://www.youtube.com/channel/UCEZcqAOR3nC3tQ0BVT5bFcg,وجه السطلة,UCEZcqAOR3nC3tQ0BVT5bFcg,20200,19700,500,2.5381,2026-10-04 08:20:56,False,75415.0,0.02,1.0,737.25
https://www.youtube.com/channel/UCKoA92Y95sKEoGJVFTtG4eg,شادو - 🌙 Shadow Night,UCKoA92Y95sKEoGJVFTtG4eg,90100,88900,1200,1.3498,2026-10-04 08:20:57,False,746397.0,0.04,20.0,4013.0
https://www.youtube.com/channel/UCMJu0JryoBwrKqROnZ2BK1w,DramaMuse,UCMJu0JryoBwrKqROnZ2BK1w,67900,66300,1600,2.4133,2026-10-04 08:20:59,False,279106.0,0.02,0.95,4520.5
https://www.youtube.com/channel/UCV-aVMJQUFW_HSRQ4eCasGA,瓦尼马尼 中文,UCV-aVMJQUFW_HSRQ4eCasGA,350000,344000,6000,1.7442,2026-10-04 08:21:00,False,643204.0,0.0,4.26,2400.5
https://www.youtube.com/channel/UCwQszkRNRd-ykOm5ezWZG7g,Parth Plays09,UCwQszkRNRd-ykOm5ezWZG7g,137000,134000,3000,2.2388,2026-10-04 08:21:01,False,315246.0,0.01,0.95,7868.65
https://www.youtube.com/channel/UC7K0Wpte_YfFg5KjkB6F7OA, CONEBI_Comunicación,UC7K0Wpte_YfFg5KjkB6F7OA,91500,91500,0,0.0,2026-10-04 08:21:02,False,2368.0,0.06,0.37,3232.65
https://www.youtube.com/channel/UC22vSycUKMWO-lZ9wQ8O4zA,Sin MIEDO a la FUNA PODCAST,UC22vSycUKMWO-lZ9wQ8O4zA,18200,18100,100,0.5525,2026-10-04 08:21:04,False,71864.0,0.04,161.0,3807.67
https://www.youtube.com/channel/UCl4q_a4pnoBuG6wYWosA46A,Masaki – Life with Grandpa,UCl4q_a4pnoBuG6wYWosA46A,30300,29100,1200,4.1237,2026-10-04 08:21:05,False,52360.0,0.07,3.37,1226.3
https://www.youtube.com/channel/UCC4oNiSLrwGe7lRiRJ_pY1w,보수재건,UCC4oNiSLrwGe7lRiRJ_pY1w,24400,24000,400,1.6667,2026-10-04 08:21:06,False,50734.0,0.05,2.26,719.6
https://www.youtube.com/channel/UCmkOpe3VTehtoIVUuHvdhOw,정영진의 나쁜질문,UCmkOpe3VTehtoIVUuHvdhOw,132000,131000,1000,0.7634,2026-10-04 08:21:08,False,527262.0,0.02,3.58,2214.9
https://www.youtube.com/channel/UCGC7-quOZgdCtZ9G5WTst6g,Mr. Death,UCGC7-quOZgdCtZ9G5WTst6g,187000,185000,2000,1.0811,2026-10-04 08:21:09,False,392277.0,0.04,10.42,1205.1
https://www.youtube.com/channel/UC-51d7UJ_fBYowub6ORy92Q,Latidos-Teatro,UC-51d7UJ_fBYowub6ORy92Q,72100,71300,800,1.122,2026-10-04 08:21:10,False,81180.0,0.01,0.53,6430.2
https://www.youtube.com/channel/UCI05qpmVJPxUS5eRCpkmMYA,ChooPop Italian,UCI05qpmVJPxUS5eRCpkmMYA,14400,14000,400,2.8571,2026-10-04 08:21:11,False,261907.0,0.0,10.06,3117.53
https://www.youtube.com/channel/UC-chA3qNmEAM76ZSb7l0MIw,Pretty Peppa,UC-chA3qNmEAM76ZSb7l0MIw,132000,130000,2000,1.5385,2026-10-04 08:21:13,False,246612.0,0.02,4.89,993.8
https://www.youtube.com/channel/UCmcjexfK4FDawdOFutjDS0g,MetaaTwo,UCmcjexfK4FDawdOFutjDS0g,59400,59400,0,0.0,2026-10-04 08:21:14,False,159846.0,0.08,58.5,1357.2
https://www.youtube.com/channel/UCPLhOWco9jh24oQLxOKCP2w,Keema,UCPLhOWco9jh24oQLxOKCP2w,78400,77000,1400,1.8182,2026-10-04 08:21:15,False,72706.0,0.04,1.16,11782.25
https://www.youtube.com/channel/UCsAeIjUsKZW6sDE4x8aUHzA,FOOT EN DÉTAILS,UCsAeIjUsKZW6sDE4x8aUHzA,22000,21500,500,2.3256,2026-10-04 08:21:17,False,9190.0,0.03,0.05,1073.9
https://www.youtube.com/channel/UCegIzkACtJrrE1ACmLjxU4w,Darling Michi,UCegIzkACtJrrE1ACmLjxU4w,26700,26400,300,1.1364,2026-10-04 08:21:18,False,26521.0,0.04,1.05,4924.9
https://www.youtube.com/channel/UCB8xKQ5pMXKyqLnGciWFoRg,Wyler ASMR,UCB8xKQ5pMXKyqLnGciWFoRg,11800,11800,0,0.0,2026-10-04 08:21:19,False,19976.0,0.07,8.47,627.9
https://www.youtube.com/channel/UCrMk0MNa8LAgJ2IfFIuLWTg,Kyaw Thet Linn,UCrMk0MNa8LAgJ2IfFIuLWTg,63800,63700,100,0.157,2026-10-04 08:21:20,False,25395.0,0.05,3.63,2663.3
https://www.youtube.com/channel/UCWsvzmyF5cZPILop451QADQ,AI Brief,UCWsvzmyF5cZPILop451QADQ,130000,130000,0,0.0,2026-10-04 08:21:22,False,104312.0,0.04,0.26,585.35
https://www.youtube.com/channel/UCEdtT0f5rVjRMlRYg38IAMQ,Nara Review,UCEdtT0f5rVjRMlRYg38IAMQ,28000,27600,400,1.4493,2026-10-04 08:21:23,False,40954.0,0.61,0.16,10273.1
https://www.youtube.com/channel/UCh9hGu8rheyypunYnGuDIeQ,ท่านปรมาจารย์ตัวน้อย  Anime🌸,UCh9hGu8rheyypunYnGuDIeQ,21900,21200,700,3.3019,2026-10-04 08:21:24,False,2274.0,0.06,0.16,7453.6
https://www.youtube.com/channel/UCX-NUaT19_aeo3s8qpdCLxQ,Sike Recap,UCX-NUaT19_aeo3s8qpdCLxQ,16100,15800,300,1.8987,2026-10-04 08:21:25,False,72974.0,0.05,2.17,2605.46
https://www.youtube.com/channel/UC55QwRFOumqiYCJDnVIb6lw,AniMYSEA,UC55QwRFOumqiYCJDnVIb6lw,138000,137000,1000,0.7299,2026-10-04 08:21:27,False,757280.0,0.0,2.21,1497.6
https://www.youtube.com/channel/UCcNLmf9p2YglaAJjU_1XwnA,MrDru Chinese,UCcNLmf9p2YglaAJjU_1XwnA,143000,141000,2000,1.4184,2026-10-04 08:21:28,False,1096491.0,0.02,3.53,1450.0
https://www.youtube.com/channel/UCDIjXeS5qqjkjAp05TWr0hg,萌萌兔短劇,UCDIjXeS5qqjkjAp05TWr0hg,13900,13600,300,2.2059,2026-10-04 08:21:29,False,38885.0,0.01,1.0,7867.15
https://www.youtube.com/channel/UCJfQu1KZQP5-fR4f95tn_EQ,ai小短剧,UCJfQu1KZQP5-fR4f95tn_EQ,18600,18500,100,0.5405,2026-10-04 08:21:30,False,15224.0,0.01,0.26,5605.15
https://www.youtube.com/channel/UCcPRfDQftJVCibO9h3GIniQ,사이클 극장,UCcPRfDQftJVCibO9h3GIniQ,33700,33400,300,0.8982,2026-10-04 08:21:32,False,12303.0,0.01,0.32,6947.0
https://www.youtube.com/channel/UCrb_jMQlKGTaY5RFlT-QOBA,巨好看短剧,UCrb_jMQlKGTaY5RFlT-QOBA,91800,90000,1800,2.0,2026-10-04 08:21:33,False,70432.0,0.01,0.53,5894.4
https://www.youtube.com/channel/UCR9o2daFF-ic4h1yGZ1394w,Royal Cinema,UCR9o2daFF-ic4h1yGZ1394w,47100,46600,500,1.073,2026-10-04 08:21:34,False,95783.0,0.01,0.95,6166.6
https://www.youtube.com/channel/UCm0C7lOLv6uIBUcWaKmH3lw,Ogaal Network,UCm0C7lOLv6uIBUcWaKmH3lw,22400,22400,0,0.0,2026-10-04 08:21:36,False,7206.0,0.01,3.67,645.75
https://www.youtube.com/channel/UCRBrakYUedNFPLC1e0UZ_oQ,ElBlancoyRojo,UCRBrakYUedNFPLC1e0UZ_oQ,45200,45200,0,0.0,2026-10-04 08:21:37,False,13988.0,0.01,0.11,941.05
https://www.youtube.com/channel/UCg5A3vZDotyGFQBnz04tw0A,Antiny Koomia,UCg5A3vZDotyGFQBnz04tw0A,70400,70400,0,0.0,2026-10-04 08:21:38,False,58958.0,0.05,0.95,759.05
https://www.youtube.com/channel/UCS8GBhEfMVuZV-SDzvyd7LA,Inventor Holic,UCS8GBhEfMVuZV-SDzvyd7LA,168000,168000,0,0.0,2026-10-04 08:21:39,False,54083.0,0.06,1.26,1434.65
https://www.youtube.com/channel/UCxr5nF7jHrtbEmC2BXMovpw,baitomiClips,UCxr5nF7jHrtbEmC2BXMovpw,38300,37400,900,2.4064,2026-10-04 08:21:41,False,459869.0,0.01,7.42,4432.23
https://www.youtube.com/channel/UCyrMPPPi27y47Km1hlBay6A,人生玄机,UCyrMPPPi27y47Km1hlBay6A,170000,166000,4000,2.4096,2026-10-04 08:21:42,False,234.0,0.01,1.16,1444.45
https://www.youtube.com/channel/UCRwMT6IKXJ7sQmNZrV66RCQ,現地確認記録,UCRwMT6IKXJ7sQmNZrV66RCQ,57800,53900,3900,7.2356,2026-10-04 08:21:43,False,72829.0,0.02,4.0,470.5
https://www.youtube.com/channel/UC82-D9ziX-HHLd9qJg_x46w,임포수TV,UC82-D9ziX-HHLd9qJg_x46w,34800,33200,1600,4.8193,2026-10-04 08:21:44,False,240811.0,0.04,0.0,1884.0
https://www.youtube.com/channel/UCcgfAqAPm9hOYw2tQaUhiHw,띵굴TV,UCcgfAqAPm9hOYw2tQaUhiHw,48500,48500,0,0.0,2026-10-04 08:21:46,False,18102.0,0.13,1.21,3944.45
https://www.youtube.com/channel/UCt-iLZEaBbuG_QxOhd20ETQ,MrDru Korean,UCt-iLZEaBbuG_QxOhd20ETQ,117000,117000,0,0.0,2026-10-04 08:21:47,False,625641.0,0.02,3.42,1459.0
https://www.youtube.com/channel/UCgx-H9wy6Q171pToftGUiMA,Reactionwithmyvlog,UCgx-H9wy6Q171pToftGUiMA,28900,28900,0,0.0,2026-10-04 08:21:48,False,63296.0,0.01,74.36,714.07
https://www.youtube.com/channel/UCpQByVy112xv2O24-qtkU4A,Aniq Naji Official,UCpQByVy112xv2O24-qtkU4A,105000,105000,0,0.0,2026-10-04 08:21:49,False,26928.0,0.07,10.42,884.55
https://www.youtube.com/channel/UCU1chyIeJU183YcDRt537wA,Naz Darwen,UCU1chyIeJU183YcDRt537wA,21800,21500,300,1.3953,2026-10-04 08:21:51,False,11311.0,0.05,12.0,1018.15
https://www.youtube.com/channel/UCMqQ983EgNZXfBdkGaL-uew,Scrybe Gaming,UCMqQ983EgNZXfBdkGaL-uew,38500,38500,0,0.0,2026-10-04 08:21:52,False,10692.0,0.02,0.53,6418.4
https://www.youtube.com/channel/UCuo6UMUukHcueHiF-MLhAww,Dora React ,UCuo6UMUukHcueHiF-MLhAww,11100,11100,0,0.0,2026-10-04 08:21:53,False,3190.0,0.02,0.47,2742.4
https://www.youtube.com/channel/UCyyMMad5KCU272cA-21A-VA,ШЕРОН,UCyyMMad5KCU272cA-21A-VA,55800,55600,200,0.3597,2026-10-04 08:21:55,False,118845.0,0.03,14.37,1662.0
https://www.youtube.com/channel/UCoFgHrWmWVfwUJGQgPZWsFQ,Судьба человека,UCoFgHrWmWVfwUJGQgPZWsFQ,34600,34400,200,0.5814,2026-10-04 08:21:56,False,43151.0,0.02,0.89,1343.75
https://www.youtube.com/channel/UCGoU4Qf-E104B1TXSiECrVQ,Canal91+,UCGoU4Qf-E104B1TXSiECrVQ,22300,21900,400,1.8265,2026-10-04 08:21:57,False,12240.0,0.2,0.33,1429.0
https://www.youtube.com/channel/UCj-3b1KpQ9CKvh164ksPf-A,Rusafrica Tv,UCj-3b1KpQ9CKvh164ksPf-A,22400,22300,100,0.4484,2026-10-04 08:21:58,False,11279.0,0.03,31.37,1437.7
https://www.youtube.com/channel/UCL5MMgJD1Yq5LIbuhJYvZow,Mundo da Ciência,UCL5MMgJD1Yq5LIbuhJYvZow,11100,11000,100,0.9091,2026-10-04 08:22:00,False,24608.0,0.05,4.74,1297.75
https://www.youtube.com/channel/UC7TtEAlWC_hoJVjOFtYvt7w,BryanGhosT,UC7TtEAlWC_hoJVjOFtYvt7w,10900,10900,0,0.0,2026-10-04 08:22:01,False,4388.0,0.03,2.26,10069.25
https://www.youtube.com/channel/UC0dnAcJNIrWNMp3XdcJx3Uw,โรแมนติก ละครสั้น,UC0dnAcJNIrWNMp3XdcJx3Uw,59100,58600,500,0.8532,2026-10-04 08:22:02,False,54690.0,0.01,0.95,6574.35
https://www.youtube.com/channel/UCB1aOvcwGgiK-Kd76Ya_jbA,PALATAR Revlog,UCB1aOvcwGgiK-Kd76Ya_jbA,67800,67700,100,0.1477,2026-10-04 08:22:04,False,24035.0,0.06,0.26,1452.4
https://www.youtube.com/channel/UC6A62bwV19_bYnXdCkcvlCw,Pimchanok Review Verson2,UC6A62bwV19_bYnXdCkcvlCw,59300,58300,1000,1.7153,2026-10-04 08:22:05,False,46567.0,0.02,0.95,1674.45
https://www.youtube.com/channel/UCgLqUTiL0SKEsPBzHE2vdtQ,Kyaw Zin Recaps ,UCgLqUTiL0SKEsPBzHE2vdtQ,74500,73000,1500,2.0548,2026-10-04 08:22:06,False,339296.0,0.02,1.95,3183.9
https://www.youtube.com/channel/UC56-mmHt6TzhpZMWTF8jw4g,Kucing Drama Pendek,UC56-mmHt6TzhpZMWTF8jw4g,11300,11200,100,0.8929,2026-10-04 08:22:07,False,4709.0,0.0,0.47,6479.1
https://www.youtube.com/channel/UCfED2-S2GttlXLr5Io83-6Q,Baby Doll Malay,UCfED2-S2GttlXLr5Io83-6Q,19100,18900,200,1.0582,2026-10-04 08:22:09,False,60425.0,0.1,2.0,2115.55
https://www.youtube.com/channel/UCWgJA0FlbIWwJPyzrA7adZQ,Teater Komik,UCWgJA0FlbIWwJPyzrA7adZQ,14500,14500,0,0.0,2026-10-04 08:22:10,False,20225.0,0.01,0.47,6367.9
https://www.youtube.com/channel/UC5f6yhQbJ7ZDHH0B6Am8VNw,天馬短劇,UC5f6yhQbJ7ZDHH0B6Am8VNw,33100,32800,300,0.9146,2026-10-04 08:22:11,False,26927.0,0.01,0.11,8807.9
https://www.youtube.com/channel/UCwlZpE94W62lzNdv3Z7zhTQ,Memory Station,UCwlZpE94W62lzNdv3Z7zhTQ,27400,26100,1300,4.9808,2026-10-04 08:22:13,False,11644.0,0.01,5.58,4013.95
https://www.youtube.com/channel/UCaDpZk3aORk74S0X59FiTZw,EDUSPLORER,UCaDpZk3aORk74S0X59FiTZw,67600,67600,0,0.0,2026-10-04 08:22:14,False,39072.0,0.02,0.21,1268.45
https://www.youtube.com/channel/UC8Dx8uCHYormjKjjHW7vg5w,We Don't Have Time,UC8Dx8uCHYormjKjjHW7vg5w,59000,59000,0,0.0,2026-10-04 08:22:15,False,1971.0,0.0,0.05,2759.15
https://www.youtube.com/channel/UCsfp26rHGXnFEkWbk-oNV2g,墨野短剧社,UCsfp26rHGXnFEkWbk-oNV2g,27600,27400,200,0.7299,2026-10-04 08:22:16,False,56711.0,0.01,1.05,6766.15
https://www.youtube.com/channel/UC5Auuo1190DRB_OTeXpakdA,小小甜饼Drama,UC5Auuo1190DRB_OTeXpakdA,11400,11300,100,0.885,2026-10-04 08:22:18,False,15270.0,0.02,0.42,5202.1
https://www.youtube.com/channel/UC1nfkAd4CdpCA6Ogr2DdJEA,Tiểu Sâu Anime Official,UC1nfkAd4CdpCA6Ogr2DdJEA,35500,35400,100,0.2825,2026-10-04 08:22:19,False,2864.0,0.02,0.5,13632.0
https://www.youtube.com/channel/UCT6QDt-BndIHyzL_E5eza2Q,Thảo Lác ,UCT6QDt-BndIHyzL_E5eza2Q,181000,180000,1000,0.5556,2026-10-04 08:22:20,False,21834.0,0.02,0.05,22685.95
https://www.youtube.com/channel/UCjUB2uPUhl_IiblDw5Z4Fgw,VIRUS PLUS+,UCjUB2uPUhl_IiblDw5Z4Fgw,52000,51900,100,0.1927,2026-10-04 08:22:21,False,157964.0,0.04,81.4,1177.5
https://www.youtube.com/channel/UC-qkzVAOMrqLm9d_sCbpNzA,Mangu Professional League,UC-qkzVAOMrqLm9d_sCbpNzA,202000,202000,0,0.0,2026-10-04 08:22:23,False,213758.0,0.01,1.84,3778.3
https://www.youtube.com/channel/UCl1Sd87KJhmXT01u_fJT7mA,The Lucas Lounge,UCl1Sd87KJhmXT01u_fJT7mA,90400,88100,2300,2.6107,2026-10-04 08:22:24,False,582850.0,0.03,104.8,1523.17
https://www.youtube.com/channel/UCHIyrmBK4Avudx7MiZUlC2Q,SAMYUNIY,UCHIyrmBK4Avudx7MiZUlC2Q,15100,15100,0,0.0,2026-10-04 08:22:25,False,3923.0,0.02,0.95,26039.4
https://www.youtube.com/channel/UCwVMCBeqXp81HnDETAiOJqQ,Aqua Rato,UCwVMCBeqXp81HnDETAiOJqQ,54700,53700,1000,1.8622,2026-10-04 08:22:26,False,401708.0,0.01,24.5,519.09
https://www.youtube.com/channel/UCl6ZVLsYsN9dwH5ihyVkDZg,Jorge Duran C Live,UCl6ZVLsYsN9dwH5ihyVkDZg,20900,20600,300,1.4563,2026-10-04 08:22:28,False,69687.0,0.02,1.44,3217.7
https://www.youtube.com/channel/UCL99WXXYIPlm_7iTebauEEA,Tecnología Futura,UCL99WXXYIPlm_7iTebauEEA,50600,50500,100,0.198,2026-10-04 08:22:29,False,44550.0,0.04,2.0,1127.0
https://www.youtube.com/channel/UC0sSFchHBh2AS26bup5PvKg,NeoRandomTV,UC0sSFchHBh2AS26bup5PvKg,49700,49100,600,1.222,2026-10-04 08:22:30,False,78726.0,0.02,1.11,7945.0
https://www.youtube.com/channel/UC5pzUjuvU6Tlvc5gfbAgiGw,かいあ☆,UC5pzUjuvU6Tlvc5gfbAgiGw,40100,40000,100,0.25,2026-10-04 08:22:32,False,423971.0,0.04,10.5,308.67
https://www.youtube.com/channel/UCnmE9Yc3iI_T9-7OOjnkX-A,つーみるチャンネル,UCnmE9Yc3iI_T9-7OOjnkX-A,16300,15400,900,5.8442,2026-10-04 08:22:33,False,223734.0,0.02,0.0,626.0
https://www.youtube.com/channel/UCfbFCh5_XHr2VudIBaFFVEw,바니마니 한국어로,UCfbFCh5_XHr2VudIBaFFVEw,125000,122000,3000,2.459,2026-10-04 08:22:34,False,891597.0,0.0,3.74,2196.55
https://www.youtube.com/channel/UCDguGM9C-GkTzlQUYmC1L0g,제이켠J’kyun in the house,UCDguGM9C-GkTzlQUYmC1L0g,16100,16100,0,0.0,2026-10-04 08:22:35,False,185675.0,0.03,412.8,461.67
https://www.youtube.com/channel/UCWA4LJu3-gZfvvt6DN8-VFQ,MoreAliA Top Videos,UCWA4LJu3-gZfvvt6DN8-VFQ,195000,192000,3000,1.5625,2026-10-04 08:22:37,False,103690.0,0.01,1.74,7517.6
https://www.youtube.com/channel/UCxmpuONGEeOjjbJREFk1yIg,MrUbaidplayz ,UCxmpuONGEeOjjbJREFk1yIg,113000,113000,0,0.0,2026-10-04 08:22:38,False,15713.0,0.02,0.21,7244.5
https://www.youtube.com/channel/UCnTb3--OJOzlPYdmRGmxQdA,Deep Dive History,UCnTb3--OJOzlPYdmRGmxQdA,72800,70100,2700,3.8516,2026-10-04 08:22:39,False,547151.0,0.02,40.29,11598.0
https://www.youtube.com/channel/UCkbP4BWM-pLh2n4AArOPyfQ,Twixxel +,UCkbP4BWM-pLh2n4AArOPyfQ,297000,294000,3000,1.0204,2026-10-04 08:22:40,False,2411027.0,0.03,40.0,1103.5
https://www.youtube.com/channel/UCIyxaAxmYFXVpt973bv4zaA,Enes Stories,UCIyxaAxmYFXVpt973bv4zaA,76000,75300,700,0.9296,2026-10-04 08:22:42,False,564636.0,0.0,9.38,1854.07
https://www.youtube.com/channel/UCN1PuHxQyTGQjEKGT7Smshw,Kevko GTA,UCN1PuHxQyTGQjEKGT7Smshw,69100,68100,1000,1.4684,2026-10-04 08:22:43,False,356304.0,0.03,3.82,1162.25
https://www.youtube.com/channel/UC1--Plllda5-e8GjVgLG_0w,Monito y Canciones,UC1--Plllda5-e8GjVgLG_0w,273000,264000,9000,3.4091,2026-10-04 08:22:44,False,1367279.0,0.0,2.37,1316.7
https://www.youtube.com/channel/UCAcxe8DqebzrRkVPKzT8qwg,Fluffy Recipes with Ana,UCAcxe8DqebzrRkVPKzT8qwg,13300,13000,300,2.3077,2026-10-04 08:22:46,False,25998.0,0.02,4.05,748.15
https://www.youtube.com/channel/UCdX-jOFgUeKxnDSlB736uRA,t97_th0t,UCdX-jOFgUeKxnDSlB736uRA,38700,38200,500,1.3089,2026-10-04 08:22:47,False,46562.0,0.07,89.12,595.76
https://www.youtube.com/channel/UCMH6VagqGySGr1G2Umuzp-A,Quiz Lab - Trivia,UCMH6VagqGySGr1G2Umuzp-A,31600,31100,500,1.6077,2026-10-04 08:22:48,False,60722.0,0.02,1.68,615.7
https://www.youtube.com/channel/UC5ijJsGF7OdJhNT8wm0nlJQ,Quiz Estrella ~ Trivia,UC5ijJsGF7OdJhNT8wm0nlJQ,16700,16500,200,1.2121,2026-10-04 08:22:49,False,79810.0,0.02,6.26,815.6
https://www.youtube.com/channel/UC-gWAUkJQ5mvzYSnLUG2etQ,Col Valiente,UC-gWAUkJQ5mvzYSnLUG2etQ,18400,18400,0,0.0,2026-10-04 08:22:51,False,15465.0,0.04,8.89,590.45
https://www.youtube.com/channel/UC9bJOrrWd0Z1X6QvkHrpDzg,GANX  9,UC9bJOrrWd0Z1X6QvkHrpDzg,17600,17600,0,0.0,2026-10-04 08:22:52,False,206218.0,0.04,90.5,2457.67
https://www.youtube.com/channel/UCkqtmBsbmDmBjZOZTeLVOKA,BDC News,UCkqtmBsbmDmBjZOZTeLVOKA,47900,47200,700,1.4831,2026-10-04 08:22:53,False,79928.0,0.02,0.37,1280.5
https://www.youtube.com/channel/UCWlZPAoiuDpZ4TAWBieRYSg,Dhamma Daily Myanmar (နေ့စဉ်ဓမ္မ),UCWlZPAoiuDpZ4TAWBieRYSg,26200,26000,200,0.7692,2026-10-04 08:22:54,False,21833.0,0.03,0.89,7350.6
https://www.youtube.com/channel/UCxOohAw7JmPw0rqwckwaANw,ซีรีย์จีนพากย์ไทย,UCxOohAw7JmPw0rqwckwaANw,27800,26700,1100,4.1199,2026-10-04 08:22:56,False,38373.0,0.02,0.16,8985.75
https://www.youtube.com/channel/UCSLX702Crjwyke3O4QYTKGQ,MM Sportlight,UCSLX702Crjwyke3O4QYTKGQ,27500,27300,200,0.7326,2026-10-04 08:22:57,False,69318.0,0.03,1.21,511.2
https://www.youtube.com/channel/UCkDJMo1jfdtAHcBmdsBF0pg,คนึง บุญแก้ว,UCkDJMo1jfdtAHcBmdsBF0pg,16500,16400,100,0.6098,2026-10-04 08:22:58,False,1481.0,0.06,0.05,10178.7
https://www.youtube.com/channel/UCGw9Tpj7TsIfJZGie-EqCyw,Thai Anime Tales,UCGw9Tpj7TsIfJZGie-EqCyw,24800,24100,700,2.9046,2026-10-04 08:23:00,False,45803.0,0.02,0.58,8104.65
https://www.youtube.com/channel/UCL5hQ23GmXF7LYTJzn5g8OA,เซียนพเนจร789,UCL5hQ23GmXF7LYTJzn5g8OA,52900,52300,600,1.1472,2026-10-04 08:23:01,False,16372.0,0.04,0.21,16171.0
https://www.youtube.com/channel/UCqdcVgQkWN6UJ98a2iqShWQ,快看剧场,UCqdcVgQkWN6UJ98a2iqShWQ,33800,33000,800,2.4242,2026-10-04 08:23:02,False,83693.0,0.02,0.58,6934.85
https://www.youtube.com/channel/UCzY_QBd7u2Bpylm4haL1jig,샤오리 Anime | Xiaoli Anime,UCzY_QBd7u2Bpylm4haL1jig,61200,60500,700,1.157,2026-10-04 08:23:03,False,120843.0,0.01,0.84,10607.35
https://www.youtube.com/channel/UCUpppsP5x1KHIAwfIujFMIg,世界短劇,UCUpppsP5x1KHIAwfIujFMIg,34000,33800,200,0.5917,2026-10-04 08:23:05,False,22854.0,0.01,0.11,10711.2
https://www.youtube.com/channel/UC1PJN1RQf6FCulhwlo5Y2DA,天命爽劇No1Drama,UC1PJN1RQf6FCulhwlo5Y2DA,19200,18700,500,2.6738,2026-10-04 08:23:06,False,65641.0,0.01,0.95,8180.2
https://www.youtube.com/channel/UCgqN11q5LJdwGIIAwyLMOOQ,lil-TOM Animation,UCgqN11q5LJdwGIIAwyLMOOQ,13800,13300,500,3.7594,2026-10-04 08:23:07,False,39726.0,0.02,0.47,6476.9
https://www.youtube.com/channel/UC8b8f7h7ak8dgI66404bxrQ,玲珑漫剧社,UC8b8f7h7ak8dgI66404bxrQ,46900,46700,200,0.4283,2026-10-04 08:23:08,False,20365.0,0.03,0.11,8846.2
https://www.youtube.com/channel/UCczN8r_MV0TvxhwthCsrYNQ,漫野推文,UCczN8r_MV0TvxhwthCsrYNQ,66400,65900,500,0.7587,2026-10-04 08:23:10,False,1122.0,0.01,0.0,10713.95
https://www.youtube.com/channel/UCpbw3AdzCn6g2YNa96gozHw,Mr. Di ,UCpbw3AdzCn6g2YNa96gozHw,22800,22600,200,0.885,2026-10-04 08:23:11,False,105364.0,0.01,2.37,1169.05
https://www.youtube.com/channel/UCDllhIQi4VJevdkGf6MvNRg,Makapangyarihan,UCDllhIQi4VJevdkGf6MvNRg,37300,36900,400,1.084,2026-10-04 08:23:12,False,48609.0,0.02,0.63,7618.4
https://www.youtube.com/channel/UC-QnKwjBTU_X8y-7TrEfmTw,Last Moments,UC-QnKwjBTU_X8y-7TrEfmTw,130000,129000,1000,0.7752,2026-10-04 08:23:13,False,292110.0,0.02,0.95,2345.55
https://www.youtube.com/channel/UCOmg3loXHxHnewHWCLB6ufA,Mendelay Media ( መንደላይ ),UCOmg3loXHxHnewHWCLB6ufA,20400,20300,100,0.4926,2026-10-04 08:23:15,False,18084.0,0.06,1.0,7054.4
https://www.youtube.com/channel/UCLuU2iYXnEFHLqjuLPthtbA,星火剧场SuperDrama,UCLuU2iYXnEFHLqjuLPthtbA,73300,72300,1000,1.3831,2026-10-04 08:23:16,False,74494.0,0.01,0.26,8696.4
https://www.youtube.com/channel/UCsZsB64xV0AJqn-SMpgPUuw,God's Will Church International,UCsZsB64xV0AJqn-SMpgPUuw,137000,135000,2000,1.4815,2026-10-04 08:23:17,False,17516.0,0.0,17.58,2266.4
https://www.youtube.com/channel/UCOoMLNfzlJK1x4BAYSkciug,MJ Diamond ,UCOoMLNfzlJK1x4BAYSkciug,16900,16700,200,1.1976,2026-10-04 08:23:19,False,18073.0,0.06,0.37,1374.0
https://www.youtube.com/channel/UCjS30BfpfQMftUGvUG6PscA,Boland Rugby Union,UCjS30BfpfQMftUGvUG6PscA,22000,22000,0,0.0,2026-10-04 08:23:20,False,6126.0,0.0,16.84,4273.35
https://www.youtube.com/channel/UC2WICOkyzFBUjzofCDDdbsw,اخوان مازن,UC2WICOkyzFBUjzofCDDdbsw,209000,207000,2000,0.9662,2026-10-04 08:23:21,False,847455.0,0.03,5.3,1036.18
https://www.youtube.com/channel/UCQ4ZlEmiEtE2lCs7J1KTmvg,مُلهمون,UCQ4ZlEmiEtE2lCs7J1KTmvg,45600,45500,100,0.2198,2026-10-04 08:23:22,False,17374.0,0.08,5.32,806.1
https://www.youtube.com/channel/UCdzGLoGKZeJw_AuAdkgxzJA,جلوري القناة الثانية / GR,UCdzGLoGKZeJw_AuAdkgxzJA,77900,77300,600,0.7762,2026-10-04 08:23:24,False,249403.0,0.04,3.25,1172.6
https://www.youtube.com/channel/UCVRkr100tX-hhbrwiwSTa3w,مازن تايم,UCVRkr100tX-hhbrwiwSTa3w,76500,74100,2400,3.2389,2026-10-04 08:23:25,False,279914.0,0.03,10.0,779.0
https://www.youtube.com/channel/UCqk2tZBmQ29Nk2tDaFw-WNw,مدير كبير,UCqk2tZBmQ29Nk2tDaFw-WNw,18100,17300,800,4.6243,2026-10-04 08:23:26,False,59734.0,0.06,15.67,611.62
https://www.youtube.com/channel/UCFKWi1vKED9W7gBK2ZsZtGg,StoryStream,UCFKWi1vKED9W7gBK2ZsZtGg,19400,18700,700,3.7433,2026-10-04 08:23:28,False,50907.0,0.01,0.26,449.4
https://www.youtube.com/channel/UC1KWC4qHTQyiBz6BdBt9oOA,يحيي عدنان .Yehyaadnan,UC1KWC4qHTQyiBz6BdBt9oOA,87000,86700,300,0.346,2026-10-04 08:23:29,False,162206.0,0.01,0.58,1155.4
https://www.youtube.com/channel/UCA2nwkwAeRA-c5deq6HoWig,Dj Chromatix,UCA2nwkwAeRA-c5deq6HoWig,9100,9090,10,0.11,2026-10-04 08:23:30,False,2348.0,0.05,4.63,7145.75
https://www.youtube.com/channel/UCxwT2Wfuw0Ps8fYQ2bu7y5g,Жариков Кирилл,UCxwT2Wfuw0Ps8fYQ2bu7y5g,109000,106000,3000,2.8302,2026-10-04 08:23:31,False,387637.0,0.06,18.75,1533.4
https://www.youtube.com/channel/UC3RzSu6FbcetB9mtPlwElhA,MF Records Plus,UC3RzSu6FbcetB9mtPlwElhA,37100,37100,0,0.0,2026-10-04 08:23:33,False,89313.0,0.01,0.38,2248.78
https://www.youtube.com/channel/UCRIPyUgzc6uqjvbc_its66w,Annu GameHub,UCRIPyUgzc6uqjvbc_its66w,49700,49800,-100,-0.2008,2026-10-04 08:23:34,False,2543182.0,0.0,0.21,15272.45
https://www.youtube.com/channel/UCGTXL_lG8-NZY_UGMLPDtBw,CW Chuwei,UCGTXL_lG8-NZY_UGMLPDtBw,23700,22500,1200,5.3333,2026-10-04 08:23:35,False,354287.0,0.01,3.24,649.22
https://www.youtube.com/channel/UC6anae4SGVxwnMRWFuv3fKg,Secretos Herméticos,UC6anae4SGVxwnMRWFuv3fKg,69200,68800,400,0.5814,2026-10-04 08:23:36,False,3526.0,0.03,2.37,1674.25
https://www.youtube.com/channel/UClHZCXT8oueYAoF6_f0UpSg,Rodjekov,UClHZCXT8oueYAoF6_f0UpSg,38700,38100,600,1.5748,2026-10-04 08:23:38,False,5084.0,0.01,0.26,645.75
https://www.youtube.com/channel/UCXSSxqNEXE8r_w3t-F9iAFQ,さくぽよ,UCXSSxqNEXE8r_w3t-F9iAFQ,16800,16500,300,1.8182,2026-10-04 08:23:39,False,11328.0,0.01,0.68,7679.4
https://www.youtube.com/channel/UCiS8Wx_7_1Hgi39YrFPiiIg,리나쌤의 한국어 Lina's Korean Podcast,UCiS8Wx_7_1Hgi39YrFPiiIg,55700,55700,0,0.0,2026-10-04 08:23:40,False,9931.0,0.03,13.68,2274.6
https://www.youtube.com/channel/UCAsCK4B_l0eozlardnAx9rw,정치일범,UCAsCK4B_l0eozlardnAx9rw,73800,73500,300,0.4082,2026-10-04 08:23:41,False,123619.0,0.02,0.47,2263.95
https://www.youtube.com/channel/UCexsYHuslySr7GnzMv1jvtQ,Михаил Дубравин,UCexsYHuslySr7GnzMv1jvtQ,159000,157000,2000,1.2739,2026-10-04 08:23:43,False,160563.0,0.05,5.05,1034.0
https://www.youtube.com/channel/UCcgcwkinB8r6AnqAYv-PiNQ,Project Fj,UCcgcwkinB8r6AnqAYv-PiNQ,32900,32900,0,0.0,2026-10-04 08:23:44,False,20209.0,0.02,1.0,6716.1
https://www.youtube.com/channel/UCI3Dg8s9mh6MRi8g_OTe23Q,Ilona & Her Truck,UCI3Dg8s9mh6MRi8g_OTe23Q,42600,35000,7600,21.7143,2026-10-04 08:23:45,False,811903.0,0.02,2.0,913.5
https://www.youtube.com/channel/UC6zgJSl-crAHk7NtjXgw4eQ,Alvaro845 RPG,UC6zgJSl-crAHk7NtjXgw4eQ,23400,23400,0,0.0,2026-10-04 08:23:47,False,5489.0,0.03,2.63,962.05
https://www.youtube.com/channel/UC0CnnbHWiLwJHHZjKUBdGNg,Exotic Expat,UC0CnnbHWiLwJHHZjKUBdGNg,13100,13000,100,0.7692,2026-10-04 08:23:48,False,71238.0,0.02,3.32,945.0
https://www.youtube.com/channel/UCyQkLxMbeMa_7MsjKOQAt8Q,Miracoli di Luce,UCyQkLxMbeMa_7MsjKOQAt8Q,21500,21400,100,0.4673,2026-10-04 08:23:49,False,6641.0,0.05,1.11,2777.2
https://www.youtube.com/channel/UCVd8-M-mR3nwN0_eo9Efo6A,Let's Get Miserable,UCVd8-M-mR3nwN0_eo9Efo6A,35500,35100,400,1.1396,2026-10-04 08:23:50,False,158767.0,0.02,4.4,6532.38
https://www.youtube.com/channel/UCxTCRrBNHXILJsLuP_5eYWA,Quiz Stumble,UCxTCRrBNHXILJsLuP_5eYWA,41500,40900,600,1.467,2026-10-04 08:23:52,False,4634.0,0.01,0.95,624.0
https://www.youtube.com/channel/UCdh0f526YF2pcEGt0RskGmg,Beyond The Europens ,UCdh0f526YF2pcEGt0RskGmg,17500,17100,400,2.3392,2026-10-04 08:23:53,False,54899.0,0.01,3.89,1498.8
https://www.youtube.com/channel/UC0_wStifkNyHHi7qQwDAJYg,CookieBunsquat,UC0_wStifkNyHHi7qQwDAJYg,90900,90600,300,0.3311,2026-10-04 08:23:54,False,46654.0,0.05,5.84,7198.25
https://www.youtube.com/channel/UCMxzgAW2C3g07KTJGCzlP3A,Fight for Canada,UCMxzgAW2C3g07KTJGCzlP3A,57500,56900,600,1.0545,2026-10-04 08:23:55,False,80663.0,0.05,0.21,807.8
https://www.youtube.com/channel/UCMI1K-1vRUlf6B9iH--CQdg,Boilon - RAID: Shadow Legends,UCMI1K-1vRUlf6B9iH--CQdg,34700,34800,-100,-0.2874,2026-10-04 08:23:57,False,5100.0,0.02,1.26,917.6
https://www.youtube.com/channel/UCZbw6qqwnyOnkneEmrVwHfA,Amr Magdi Vlogs ,UCZbw6qqwnyOnkneEmrVwHfA,36000,35300,700,1.983,2026-10-04 08:23:58,False,1170.0,1.31,30.21,557.6
https://www.youtube.com/channel/UCKJI5AcZYkm9LIWYB3Q_T_w,LotiMagic Media,UCKJI5AcZYkm9LIWYB3Q_T_w,23900,23500,400,1.7021,2026-10-04 08:23:59,False,6663.0,0.01,0.0,973.75
https://www.youtube.com/channel/UCjCautqlAzsEzQ-oFR4r4TQ,Verdades Silenciosas,UCjCautqlAzsEzQ-oFR4r4TQ,23700,23400,300,1.2821,2026-10-04 08:24:01,False,6568.0,0.03,0.89,2198.25
https://www.youtube.com/channel/UCCcAMcCdmY2Yq6AeDLT9jZg,RANS Sportainment,UCCcAMcCdmY2Yq6AeDLT9jZg,160000,159000,1000,0.6289,2026-10-04 08:24:02,False,423767.0,0.0,0.21,11790.2
https://www.youtube.com/channel/UCF0hAAN1PxBfkOjpT8uqHEQ,Asep M Toha,UCF0hAAN1PxBfkOjpT8uqHEQ,188000,187000,1000,0.5348,2026-10-04 08:24:03,False,981402.0,0.0,0.84,9468.45
https://www.youtube.com/channel/UCNxj6jst8P9iFigyeV2f6zw,Let's talk the News,UCNxj6jst8P9iFigyeV2f6zw,20600,20000,600,3.0,2026-10-04 08:24:04,False,11271.0,0.03,0.58,631.4
https://www.youtube.com/channel/UClvq2onw83lNgIbovM88rTg,Burmese Today News,UClvq2onw83lNgIbovM88rTg,72200,71900,300,0.4172,2026-10-04 08:24:06,False,79134.0,0.03,0.32,1003.0
https://www.youtube.com/channel/UCNPSJeEMh5YhSn7kSjJ3S9A,热血爽劇君Macho Rush Drama,UCNPSJeEMh5YhSn7kSjJ3S9A,123000,122000,1000,0.8197,2026-10-04 08:24:07,False,120191.0,0.0,0.47,6517.95
https://www.youtube.com/channel/UCJMfjoI8sohMbI-kn9oXNxA,不知名的小作者,UCJMfjoI8sohMbI-kn9oXNxA,85700,85200,500,0.5869,2026-10-04 08:24:08,False,2705.0,0.01,0.0,8640.5
https://www.youtube.com/channel/UC6EgGf3Mcfi-bHgn7bCH6ww,生活黑客 HACKER,UC6EgGf3Mcfi-bHgn7bCH6ww,26100,25800,300,1.1628,2026-10-04 08:24:10,False,33546.0,0.02,3.84,995.65
https://www.youtube.com/channel/UCows742UfPDPeI0PMUQjf0g,短劇急診室,UCows742UfPDPeI0PMUQjf0g,17800,17400,400,2.2989,2026-10-04 08:24:11,False,24523.0,0.01,0.21,6360.2
https://www.youtube.com/channel/UCHaVbHYCYrCJklgisJiIZ4g,AI短劇王國,UCHaVbHYCYrCJklgisJiIZ4g,18700,18500,200,1.0811,2026-10-04 08:24:12,False,8568.0,0.01,0.05,7404.75
https://www.youtube.com/channel/UC80kkbeUasT3VYjM9D6L73A,LATEST SERIES,UC80kkbeUasT3VYjM9D6L73A,19600,19300,300,1.5544,2026-10-04 08:24:13,False,16647.0,0.02,0.16,6168.7
https://www.youtube.com/channel/UCZPidedg0MogemftyCNLXqg,힐링 소설 갤러리,UCZPidedg0MogemftyCNLXqg,28500,27900,600,2.1505,2026-10-04 08:24:15,False,8510.0,0.03,0.26,9352.25
https://www.youtube.com/channel/UCsvvp-gu4vpYiP01r2tawUA,短剧星球,UCsvvp-gu4vpYiP01r2tawUA,34600,34000,600,1.7647,2026-10-04 08:24:16,False,61557.0,0.01,0.68,6537.45
https://www.youtube.com/channel/UC1u7fH8MpdaYKkrQt6sxSYQ,Sinaunang Tagapaglathala,UC1u7fH8MpdaYKkrQt6sxSYQ,13100,12600,500,3.9683,2026-10-04 08:24:17,False,15383.0,0.05,0.16,10173.8
https://www.youtube.com/channel/UCwA3ItYg4NviMyI6mX7nQ6w,PYC 25,UCwA3ItYg4NviMyI6mX7nQ6w,13700,12900,800,6.2016,2026-10-04 08:24:18,False,122496.0,0.01,0.79,6086.45
https://www.youtube.com/channel/UCXCLYrJjEBTP_eWAMLHRQEw,Bagong pelikula 11,UCXCLYrJjEBTP_eWAMLHRQEw,11900,11800,100,0.8475,2026-10-04 08:24:20,False,2482.0,0.04,0.21,9477.2
https://www.youtube.com/channel/UCV_-0xdoM5Vskf_VmknGgug,NEHEMIAH & SHINE,UCV_-0xdoM5Vskf_VmknGgug,11500,11500,0,0.0,2026-10-04 08:24:21,False,16731.0,0.01,0.74,3420.05
https://www.youtube.com/channel/UChblUatVLNaevMzhfPXmrmg,Jubilee,UChblUatVLNaevMzhfPXmrmg,15200,14300,900,6.2937,2026-10-04 08:24:22,False,2490.0,0.01,3.53,5066.4
https://www.youtube.com/channel/UCOQc5-BxnyX4JXZ4_b_pJaw,Lazarus Films,UCOQc5-BxnyX4JXZ4_b_pJaw,16200,15600,600,3.8462,2026-10-04 08:24:24,False,548531.0,0.01,4.0,1196.75
https://www.youtube.com/channel/UCMeFWANbmyol84o4rZDkHVA,Kai ASMR,UCMeFWANbmyol84o4rZDkHVA,280000,271000,9000,3.321,2026-10-04 08:24:25,False,10363992.0,0.0,0.16,4318.5
https://www.youtube.com/channel/UC0T7JBLUBaGT4-H3x_F2oKQ,Búp Măng Non Review,UC0T7JBLUBaGT4-H3x_F2oKQ,112000,110000,2000,1.8182,2026-10-04 08:24:26,False,66208.0,0.02,0.16,7416.85
https://www.youtube.com/channel/UCeJEIYJJlwfW-keLg0qlRjw,AB Compilation Arabic,UCeJEIYJJlwfW-keLg0qlRjw,22200,21500,700,3.2558,2026-10-04 08:24:27,False,132766.0,0.01,4.16,2777.55
https://www.youtube.com/channel/UCyt2bJMwz4UqtJPamZ9hW_Q,قناه طيور,UCyt2bJMwz4UqtJPamZ9hW_Q,175000,175000,0,0.0,2026-10-04 08:24:29,False,69.0,0.02,0.21,391.85
https://www.youtube.com/channel/UCadTazwxId4TIaojgilqfDg,VaniMani Swahili,UCadTazwxId4TIaojgilqfDg,151000,143000,8000,5.5944,2026-10-04 08:24:30,False,576153.0,0.0,3.63,1067.7
https://www.youtube.com/channel/UC7C8vFk-V9GSDDmyp22Y5TA,Cybersecurity Today,UC7C8vFk-V9GSDDmyp22Y5TA,165000,165000,0,0.0,2026-10-04 08:24:31,False,9998.0,0.0,0.95,650.1
https://www.youtube.com/channel/UCs7REsUvMtGshnJCx0PKzlA,"Ronaldo, Cadê Você?",UCs7REsUvMtGshnJCx0PKzlA,31400,30600,800,2.6144,2026-10-04 08:24:32,False,674004.0,0.07,14.0,2657.5
https://www.youtube.com/channel/UCHLiEDcTJRJY5n8uHgqYXuw,POLÍTICA MEXICANA,UCHLiEDcTJRJY5n8uHgqYXuw,19100,19100,0,0.0,2026-10-04 08:24:34,False,95871.0,0.03,0.42,1317.3
https://www.youtube.com/channel/UCQ54JplWuotWEbPHcIRafHw,Amara Lía,UCQ54JplWuotWEbPHcIRafHw,45100,44800,300,0.6696,2026-10-04 08:24:35,False,87310.0,0.05,14.21,864.25
https://www.youtube.com/channel/UCICaVFXeJpWf-V-CbvOfSUg,일본 학교 급식 아오이,UCICaVFXeJpWf-V-CbvOfSUg,18600,18000,600,3.3333,2026-10-04 08:24:36,False,396778.0,0.03,26.0,610.0
https://www.youtube.com/channel/UCRDUzePnelu-XJM3PzenJ_A,みっちゃん (仮),UCRDUzePnelu-XJM3PzenJ_A,19200,18800,400,2.1277,2026-10-04 08:24:38,False,50131.0,0.09,0.0,951.0
https://www.youtube.com/channel/UC98RbaqXTy3Frx3i7EepMmw,PUNTO EXE,UC98RbaqXTy3Frx3i7EepMmw,21100,20900,200,0.9569,2026-10-04 08:24:39,False,241533.0,0.04,7.68,636.5
https://www.youtube.com/channel/UCl9ovbBZQseKG2P4uLOXJ9Q,Key Boi,UCl9ovbBZQseKG2P4uLOXJ9Q,33200,32900,300,0.9119,2026-10-04 08:24:40,False,122694.0,0.07,69.0,1506.0
https://www.youtube.com/channel/UCyjXz7zugpPH5x2xR_5Y_UA,Forever Media,UCyjXz7zugpPH5x2xR_5Y_UA,106000,106000,0,0.0,2026-10-04 08:24:41,False,81282.0,0.03,0.47,824.9
https://www.youtube.com/channel/UCRrZOzMaD5Don9DvLeIB68A,Drama Story Recap,UCRrZOzMaD5Don9DvLeIB68A,51400,50700,700,1.3807,2026-10-04 08:24:43,False,298916.0,0.03,4.57,5455.8
https://www.youtube.com/channel/UCYNUj3Ag76g4_gChRCh5PHQ,ZIWGOAL EX,UCYNUj3Ag76g4_gChRCh5PHQ,29400,29200,200,0.6849,2026-10-04 08:24:44,False,116610.0,0.01,0.47,8057.85
https://www.youtube.com/channel/UC4ghhdnJEWyOADETwblJGJQ,อ้นดูบอล,UC4ghhdnJEWyOADETwblJGJQ,19200,19100,100,0.5236,2026-10-04 08:24:45,False,85683.0,0.01,0.26,8922.5
https://www.youtube.com/channel/UCJfpUH3uaTUkyDz7ETGbwSw,Burma Radio,UCJfpUH3uaTUkyDz7ETGbwSw,25400,24400,1000,4.0984,2026-10-04 08:24:46,False,181276.0,0.02,0.47,1255.65
https://www.youtube.com/channel/UC6Fz5TdzfAoHUpqB0eJ9BNw,九公主AI劇場,UC6Fz5TdzfAoHUpqB0eJ9BNw,84800,83000,1800,2.1687,2026-10-04 08:24:48,False,185121.0,0.01,0.42,10080.2
https://www.youtube.com/channel/UC_wFVsA9do4LfmKudQKvGYA,야오야오 단편 드라마,UC_wFVsA9do4LfmKudQKvGYA,70400,68600,1800,2.6239,2026-10-04 08:24:49,False,102030.0,0.01,0.37,10351.05
https://www.youtube.com/channel/UC_gY8n5exYrp-qzccy6vfmg,緋色心事TV,UC_gY8n5exYrp-qzccy6vfmg,81600,78500,3100,3.949,2026-10-04 08:24:50,False,87310.0,0.01,0.47,6709.35
https://www.youtube.com/channel/UCqVoenc1gPgr7Ni73cvnJ3Q,Jencen紀宸-沒人敢聊的商業事,UCqVoenc1gPgr7Ni73cvnJ3Q,16200,16200,0,0.0,2026-10-04 08:24:52,False,138276.0,0.01,4.26,1045.9
https://www.youtube.com/channel/UCKFKXXom1IYxUqvSbsosDug,追梦剧场,UCKFKXXom1IYxUqvSbsosDug,87300,87100,200,0.2296,2026-10-04 08:24:53,False,66486.0,0.02,0.89,7051.2
https://www.youtube.com/channel/UCF-LuMmsMsKiXo2REMRITLA,万花筒剧场,UCF-LuMmsMsKiXo2REMRITLA,67300,65800,1500,2.2796,2026-10-04 08:24:54,False,100802.0,0.01,0.68,5901.35
https://www.youtube.com/channel/UCW9kB1sewzhsxqzA6ixQYGQ,万象短剧社,UCW9kB1sewzhsxqzA6ixQYGQ,18700,18400,300,1.6304,2026-10-04 08:24:55,False,38071.0,0.01,1.53,7924.3
https://www.youtube.com/channel/UCKe5QxFSBZ8tAZptFsm5avg,Think Talk Tea,UCKe5QxFSBZ8tAZptFsm5avg,177000,176000,1000,0.5682,2026-10-04 08:24:57,False,183072.0,0.02,5.37,6906.4
https://www.youtube.com/channel/UC8pma8sVooh2Jcut81XZEFg,Pagkabihag ng Puso,UC8pma8sVooh2Jcut81XZEFg,12100,12000,100,0.8333,2026-10-04 08:24:58,False,29569.0,0.01,0.47,7926.95
https://www.youtube.com/channel/UCjzJZEC54pmTXHZri7gvUtw,Midnight Tears Vibes,UCjzJZEC54pmTXHZri7gvUtw,35300,34700,600,1.7291,2026-10-04 08:24:59,False,4465.0,0.01,6.05,3058.55
https://www.youtube.com/channel/UCIeVeCxuulLQdyzPPJ37q_w,Real,UCIeVeCxuulLQdyzPPJ37q_w,21400,21100,300,1.4218,2026-10-04 08:25:01,False,65904.0,0.06,17.63,1461.65
https://www.youtube.com/channel/UC2VFhS179xmcvd8bZxRYPuA,Rick van Modem,UC2VFhS179xmcvd8bZxRYPuA,14900,14800,100,0.6757,2026-10-04 08:25:02,False,28496.0,0.03,101.47,8542.6
https://www.youtube.com/channel/UCrOcLRN9UBF5PZQIITV3Deg,Selma Kocabıyık,UCrOcLRN9UBF5PZQIITV3Deg,13500,13400,100,0.7463,2026-10-04 08:25:03,False,23919.0,0.04,10.31,966.06
https://www.youtube.com/channel/UCrjNcxk_cMQPFVK0ymngOhQ,Qulasada Maanta 🪄📽,UCrjNcxk_cMQPFVK0ymngOhQ,11000,10900,100,0.9174,2026-10-04 08:25:04,False,13711.0,0.09,18.21,793.95
https://www.youtube.com/channel/UC7xEr0klEk1OrkuEqRRLNcQ,Vũ Thanh Tùng,UC7xEr0klEk1OrkuEqRRLNcQ,22800,22300,500,2.2422,2026-10-04 08:25:06,False,152934.0,0.02,3.44,543.05
https://www.youtube.com/channel/UCQmzJtP3T8-s8D57gAyZzlQ,Academic Development Open Virtual Hub (ADOVH),UCQmzJtP3T8-s8D57gAyZzlQ,14400,14300,100,0.6993,2026-10-04 08:25:07,False,725.0,0.03,0.95,5824.7
https://www.youtube.com/channel/UCsf9eHZBzgLv4AVbF0azHIQ,Trend Vault Clips,UCsf9eHZBzgLv4AVbF0azHIQ,17000,16800,200,1.1905,2026-10-04 08:25:08,False,8517.0,0.01,0.26,1528.0
https://www.youtube.com/channel/UCqUADM3fXSHFSSF9Jvni7vw,USX,UCqUADM3fXSHFSSF9Jvni7vw,17200,17100,100,0.5848,2026-10-02 08:25:51,False,252033.0,0.02,15.8,1476.83
https://www.youtube.com/channel/UCpnqLURKCYZuFesOq6idHOQ,يوميات العائلة القبائلية ,UCpnqLURKCYZuFesOq6idHOQ,12800,12800,0,0.0,2026-10-04 08:25:17,False,44693.0,0.04,13.42,1170.05
https://www.youtube.com/channel/UCaWJ-Y7OEgCGpko03l7fdkQ,NextTV ネクストテレビ,UCaWJ-Y7OEgCGpko03l7fdkQ,96100,94400,1700,1.8008,2026-10-04 08:25:19,False,125944.0,0.01,0.89,1087.8
https://www.youtube.com/channel/UCnCbD4gu0w90-nL9dRk8H3Q,インベスターM,UCnCbD4gu0w90-nL9dRk8H3Q,91500,90200,1300,1.4412,2026-10-04 08:25:20,False,9352.0,0.03,1.05,2130.9
https://www.youtube.com/channel/UCXGbTovwJW1AeaP2VOowYhA,Weise Worte by {ungeskriptet},UCXGbTovwJW1AeaP2VOowYhA,115000,115000,0,0.0,2026-10-04 08:25:21,False,114211.0,0.02,0.58,800.25
https://www.youtube.com/channel/UCQApK3ZXwEEK7BkeTxPZsGw,Anna Chao  🇩🇪,UCQApK3ZXwEEK7BkeTxPZsGw,14800,14400,400,2.7778,2026-10-04 08:25:23,False,90920.0,0.05,2.74,661.45
https://www.youtube.com/channel/UCC45TbC5KU8dqPh4N32-NKA,Unchained Film,UCC45TbC5KU8dqPh4N32-NKA,74800,74500,300,0.4027,2026-10-04 08:25:24,False,85369.0,0.04,2.05,4235.15
https://www.youtube.com/channel/UCNHh9MwEQZPYBxO8uXqR1ww,Power Faultlines,UCNHh9MwEQZPYBxO8uXqR1ww,32400,32100,300,0.9346,2026-10-04 08:25:25,False,218599.0,0.01,1.32,660.55
https://www.youtube.com/channel/UCQng0CgVwiA79VEPJ9e--zw,Walter Canada,UCQng0CgVwiA79VEPJ9e--zw,23700,22900,800,3.4934,2026-10-04 08:25:26,False,32675.0,0.03,1.53,1277.75
https://www.youtube.com/channel/UCcfXXlPJxUMS4m8Lwr3LzGw,Fosil Metal,UCcfXXlPJxUMS4m8Lwr3LzGw,20800,20100,700,3.4826,2026-10-04 08:25:28,False,63059.0,0.01,1.11,1055.45
https://www.youtube.com/channel/UCZnIFND3MhNY94T9SkAj6zw,Asiento Vip: Cine y Series,UCZnIFND3MhNY94T9SkAj6zw,21100,21000,100,0.4762,2026-10-04 08:25:29,False,449244.0,0.0,2.74,764.0
https://www.youtube.com/channel/UCnwEXswXPbVaAPI6NOpqr4Q,AndyAudioVault,UCnwEXswXPbVaAPI6NOpqr4Q,57200,56400,800,1.4184,2026-10-04 08:25:30,False,11869.0,0.02,1.89,778.55
https://www.youtube.com/channel/UCaWy5A5x-k1pHrPBZJOB7gg,Dhamma-တရားတော်,UCaWy5A5x-k1pHrPBZJOB7gg,11300,11300,0,0.0,2026-10-04 08:25:32,False,54156.0,0.02,1.21,7983.8
https://www.youtube.com/channel/UCk01XMzLa0wwlpfXKMBL6PA,大叔问Dao,UCk01XMzLa0wwlpfXKMBL6PA,100000,100000,0,0.0,2026-10-04 08:25:33,False,1604.0,0.02,1.79,1934.15
https://www.youtube.com/channel/UCwzazmPZmox_pCyiBd3-6UQ,Jim AI Notebook,UCwzazmPZmox_pCyiBd3-6UQ,13200,12500,700,5.6,2026-10-04 08:25:34,False,26406.0,0.01,2.37,1526.9
https://www.youtube.com/channel/UCD2Q5MbUuSHhbeqsPt_r3Ug,腦洞動漫劇場,UCD2Q5MbUuSHhbeqsPt_r3Ug,16300,15900,400,2.5157,2026-10-04 08:25:35,False,52371.0,0.01,1.0,6352.7
https://www.youtube.com/channel/UCU8fyVfhPJBT6-1ctElFJ9w,Summer Rain,UCU8fyVfhPJBT6-1ctElFJ9w,16100,15900,200,1.2579,2026-10-04 08:25:37,False,89555.0,0.03,7.05,873.55
https://www.youtube.com/channel/UCsJxFtvgmHleI01KKw5lKhw,泸州阿波,UCsJxFtvgmHleI01KKw5lKhw,33900,33600,300,0.8929,2026-10-04 08:25:38,False,127660.0,0.01,4.68,1143.05
https://www.youtube.com/channel/UCokzUSMrMnvXFMg7P4W_Fmw,Baliktad Buhay,UCokzUSMrMnvXFMg7P4W_Fmw,45700,45100,600,1.3304,2026-10-04 08:25:39,False,195691.0,0.01,2.84,8897.45
https://www.youtube.com/channel/UC4_bBWjFrgTA18SM2cYESxA,SPRINGBOKS ARMY,UC4_bBWjFrgTA18SM2cYESxA,10700,10700,0,0.0,2026-10-04 08:25:40,False,47735.0,0.02,5.47,529.2
https://www.youtube.com/channel/UC2G0GDApB82moaUDE0BkG0w,sam saberi,UC2G0GDApB82moaUDE0BkG0w,173000,173000,0,0.0,2026-10-04 08:25:42,False,138445.0,0.05,15.47,2622.3
https://www.youtube.com/channel/UCKM9tmeLa-FIP2WYC1n04Lw,مرقوقة 🎀,UCKM9tmeLa-FIP2WYC1n04Lw,34600,32300,2300,7.1207,2026-10-04 08:25:43,False,136240.0,0.07,0.0,641.0
https://www.youtube.com/channel/UCIdCyaazpSepru31zx0zTiA,DJEXO Games,UCIdCyaazpSepru31zx0zTiA,32800,32500,300,0.9231,2026-10-04 08:25:44,False,122688.0,0.05,7.18,1022.25
https://www.youtube.com/channel/UCIqoOLGhGV8LRZL-KbNAdew,Quick view,UCIqoOLGhGV8LRZL-KbNAdew,30700,28800,1900,6.5972,2026-10-04 08:25:46,False,138501.0,0.04,0.08,2014.92
https://www.youtube.com/channel/UC1oUScylyzJgWdd7ODib_xA,NerosDrunkGaming,UC1oUScylyzJgWdd7ODib_xA,190000,177000,13000,7.3446,2026-10-04 08:25:47,False,836.0,0.0,0.26,3743.6
https://www.youtube.com/channel/UCTiWiQy8LVRVRsTERuow16w,The Stable,UCTiWiQy8LVRVRsTERuow16w,251000,251000,0,0.0,2026-10-04 08:25:48,False,538246.0,0.04,35.68,1677.95
https://www.youtube.com/channel/UCKwdjWGrHddKD9I5_ntphhw,dayana RM,UCKwdjWGrHddKD9I5_ntphhw,203000,201000,2000,0.995,2026-10-04 08:25:49,False,309067.0,0.12,7.8,1338.5
https://www.youtube.com/channel/UCmEt0GLiMRMbh1a2J6BxJeQ,最高の老後,UCmEt0GLiMRMbh1a2J6BxJeQ,26400,24700,1700,6.8826,2026-10-04 08:25:51,False,447676.0,0.02,13.5,1115.33
https://www.youtube.com/channel/UCXox01XKYwKJ_S6QnOvT-FQ,곽준성,UCXox01XKYwKJ_S6QnOvT-FQ,22500,21800,700,3.211,2026-10-04 08:25:52,False,278909.0,0.01,4.4,13912.5
https://www.youtube.com/channel/UC01eTQfQlVNKZ1JSL5SNizA,글로벌디펜스뉴스,UC01eTQfQlVNKZ1JSL5SNizA,221000,220000,1000,0.4545,2026-10-04 08:25:53,False,11186.0,0.06,0.63,1992.85
https://www.youtube.com/channel/UCJ4jd3Hsy9eF9f0Hf2c8PHw,Court-métrage doux,UCJ4jd3Hsy9eF9f0Hf2c8PHw,128000,127000,1000,0.7874,2026-10-04 08:25:55,False,13944.0,0.03,0.16,5452.5
https://www.youtube.com/channel/UCPafyEad_nrD_ZKawjc4hTg,Mashin,UCPafyEad_nrD_ZKawjc4hTg,49200,48200,1000,2.0747,2026-10-04 08:25:56,False,233745.0,0.07,0.0,3815.0
https://www.youtube.com/channel/UCGb1nmcfqXbf7EPncWMZfvA,Storm Cinema,UCGb1nmcfqXbf7EPncWMZfvA,29200,28900,300,1.0381,2026-10-04 08:25:57,False,162760.0,0.0,4.47,10146.95
https://www.youtube.com/channel/UChPB73ZSQlnb935pV95_Abw,Aung 3D ,UChPB73ZSQlnb935pV95_Abw,284000,284000,0,0.0,2026-10-04 08:25:58,False,194493.0,0.05,2.84,1396.85
https://www.youtube.com/channel/UCvumFKaR-b2A7PuUcuIs3oQ,2D ရွှေပါးစပ်,UCvumFKaR-b2A7PuUcuIs3oQ,73400,72700,700,0.9629,2026-10-04 08:26:00,False,27723.0,0.1,25.84,2935.6
https://www.youtube.com/channel/UCybBI5PkeY90Y18r1pS49yw,爽看剧场,UCybBI5PkeY90Y18r1pS49yw,98600,97100,1500,1.5448,2026-10-04 08:26:01,False,131413.0,0.01,0.74,5973.3
https://www.youtube.com/channel/UCIUkKDovzpxf82OlYGsqL2w,Thir Gaule,UCIUkKDovzpxf82OlYGsqL2w,27800,27800,0,0.0,2026-10-04 08:26:02,False,376196.0,0.0,0.32,4132.4
https://www.youtube.com/channel/UCTDwnLBJLS1a31wMZspgW7g,藍泉媽媽 LQMAMA,UCTDwnLBJLS1a31wMZspgW7g,109000,105000,4000,3.8095,2026-10-04 08:26:03,False,113889.0,0.05,20.26,1438.3
https://www.youtube.com/channel/UCL9G7fwvb7KSotux8maQ5RA,好运剧场,UCL9G7fwvb7KSotux8maQ5RA,54900,53900,1000,1.8553,2026-10-04 08:26:05,False,73092.0,0.01,0.74,6062.65
https://www.youtube.com/channel/UC1AXhoKFK6EFiQEdYB7CZ0w,Kuya Promdi TV,UC1AXhoKFK6EFiQEdYB7CZ0w,13800,13500,300,2.2222,2026-10-04 08:26:06,False,34880.0,0.0,1.11,1798.6
https://www.youtube.com/channel/UCJ2KepOlSQrxrzdQpvTBE0w,Sunny Forever,UCJ2KepOlSQrxrzdQpvTBE0w,18900,18600,300,1.6129,2026-10-04 08:26:07,False,3450.0,0.01,0.53,6399.35
https://www.youtube.com/channel/UCLuIudjbquBATgqkIJxQi6A,Animated History ,UCLuIudjbquBATgqkIJxQi6A,89400,88100,1300,1.4756,2026-10-04 08:26:08,False,576124.0,0.02,19.47,1474.78
https://www.youtube.com/channel/UCUCa_3TkJHsmyZGi6xRKAgQ,MUMA STREETS ,UCUCa_3TkJHsmyZGi6xRKAgQ,12000,11600,400,3.4483,2026-10-04 08:26:10,False,15529.0,0.01,0.21,1678.45
https://www.youtube.com/channel/UCYIgQOwDij2MskYPeBm8sSA,indian comedy,UCYIgQOwDij2MskYPeBm8sSA,19100,18800,300,1.5957,2026-10-04 08:26:11,False,52318.0,0.02,0.74,889.65
https://www.youtube.com/channel/UCh1v_EBiec_vziumJemWSwg,Partido Missão,UCh1v_EBiec_vziumJemWSwg,121000,120000,1000,0.8333,2026-10-04 08:26:12,False,162177.0,0.05,0.53,32522.25
https://www.youtube.com/channel/UCXvaUYWWCcZ41mWXNLKaRpA,etnrlz,UCXvaUYWWCcZ41mWXNLKaRpA,146000,142000,4000,2.8169,2026-10-04 08:26:14,False,885230.0,0.08,8.68,1453.45
https://www.youtube.com/channel/UCmzXkSAsAK41qwS6wWZPf7g,Las Oraciones Sagradas,UCmzXkSAsAK41qwS6wWZPf7g,12100,12100,0,0.0,2026-10-04 08:26:15,False,138892.0,0.04,76.8,789.5
https://www.youtube.com/channel/UCMo3oxDrTDFLUOm_1kkzFyg,Alerta Roja,UCMo3oxDrTDFLUOm_1kkzFyg,15000,14400,600,4.1667,2026-10-04 08:26:16,False,32898.0,0.01,0.26,884.7
https://www.youtube.com/channel/UCl5fOd3I0vw4UtJFA6pFEeg,La La Life Aventuras,UCl5fOd3I0vw4UtJFA6pFEeg,12000,11200,800,7.1429,2026-10-04 08:26:17,False,152400.0,0.0,3.44,1190.35
https://www.youtube.com/channel/UCleRZZkEjzbxXM7ZzZhzlrg,大丈夫,UCleRZZkEjzbxXM7ZzZhzlrg,14700,16900,-2200,-13.0178,2026-10-04 08:26:19,False,19658.0,0.01,31.33,530.0
https://www.youtube.com/channel/UCAMnd8R8UYgtInl3yHj5EaQ,SARAH,UCAMnd8R8UYgtInl3yHj5EaQ,13500,13000,500,3.8462,2026-10-04 08:26:20,False,88374.0,0.08,2.16,1372.85
https://www.youtube.com/channel/UC0aYTKOmcdvER5gd5hxxIEg,簡単レシピ🤍東京OLむむちゃん,UC0aYTKOmcdvER5gd5hxxIEg,87400,86600,800,0.9238,2026-10-04 08:26:21,False,130865.0,0.0,3.47,492.15
https://www.youtube.com/channel/UCnKM6eWPSHKhA65L4HOI1ZQ,Lecciones De Sabios,UCnKM6eWPSHKhA65L4HOI1ZQ,207000,197000,10000,5.0761,2026-10-04 08:26:22,False,112945.0,0.04,37.54,1279.36
https://www.youtube.com/channel/UC-ijfcqfIqOJXKOIBB1JPRw,🔱AldrinTV🔱,UC-ijfcqfIqOJXKOIBB1JPRw,43900,40500,3400,8.3951,2026-10-04 08:26:24,False,601665.0,0.01,0.16,2738.0
https://www.youtube.com/channel/UCY99DSFr8ftqYoV99LUC5Fg,abi Sangaré ,UCY99DSFr8ftqYoV99LUC5Fg,13700,13200,500,3.7879,2026-10-04 08:26:25,False,2934.0,0.04,0.89,3342.15
https://www.youtube.com/channel/UC2hzTrq_ZNP7fpJyWyktlWw,Harun Al Rashid,UC2hzTrq_ZNP7fpJyWyktlWw,45800,45200,600,1.3274,2026-10-04 08:26:26,False,30012.0,0.04,0.16,2261.7
https://www.youtube.com/channel/UCe_OtvlD0i6_EKOh_muRCLg,Palmita Plus,UCe_OtvlD0i6_EKOh_muRCLg,36000,32400,3600,11.1111,2026-10-04 08:26:28,False,132078.0,0.02,1.11,770.6
https://www.youtube.com/channel/UCb0zP_fUU3W8oPfwsV454uQ,Humor Latino Yeah,UCb0zP_fUU3W8oPfwsV454uQ,70100,69000,1100,1.5942,2026-10-04 08:26:29,False,286950.0,0.02,3.84,5807.7
https://www.youtube.com/channel/UC-VD6-TvRUGYDvNc36Al7uA,Tikifut2,UC-VD6-TvRUGYDvNc36Al7uA,13600,13500,100,0.7407,2026-10-04 08:26:30,False,8844.0,0.0,0.05,3249.5
https://www.youtube.com/channel/UCTPnmSK0rn1ZXnQgrv-z60A,Delinx Media,UCTPnmSK0rn1ZXnQgrv-z60A,11300,11300,0,0.0,2026-10-04 08:26:31,False,2905.0,0.03,1.63,7021.65
https://www.youtube.com/channel/UCLX_Qe8E3brGGU0w-k4agUg,SHWE TOE,UCLX_Qe8E3brGGU0w-k4agUg,16200,16200,0,0.0,2026-10-04 08:26:33,False,69305.0,0.12,0.75,717.0
https://www.youtube.com/channel/UCAU032wm2UMZ_vbnfJcUNWw,Psychology and Social Issues,UCAU032wm2UMZ_vbnfJcUNWw,13000,13000,0,0.0,2026-10-04 08:26:34,False,9177.0,0.01,0.53,1404.6
https://www.youtube.com/channel/UCl6PnGHlv3G_GIxpO_R5U9g,sonicinside,UCl6PnGHlv3G_GIxpO_R5U9g,11700,11600,100,0.8621,2026-10-04 08:26:35,False,9527.0,0.05,1.21,1958.9
https://www.youtube.com/channel/UCjKpqScUEvVj49vTYeGCqAA,SoyCatLan,UCjKpqScUEvVj49vTYeGCqAA,127000,127000,0,0.0,2026-10-04 08:26:36,False,173885.0,0.02,1.32,1254.95
https://www.youtube.com/channel/UCZ8MqA5NUC2ZqWYfjWFCOSQ,Hiroshi Tanaka | Español,UCZ8MqA5NUC2ZqWYfjWFCOSQ,35800,35100,700,1.9943,2026-10-04 08:26:38,False,32281.0,0.07,1.21,673.35
https://www.youtube.com/channel/UCwzzlEJIFuAPueaHBNeV_lw,あやなんチャンネル,UCwzzlEJIFuAPueaHBNeV_lw,77700,77100,600,0.7782,2026-10-04 08:26:39,False,175864.0,0.02,7.43,993.88
https://www.youtube.com/channel/UCiT4qN315FUqeB4tbrWu_Ig,돈되는 부동산,UCiT4qN315FUqeB4tbrWu_Ig,86800,86000,800,0.9302,2026-10-04 08:26:40,False,13658.0,0.02,3.16,1333.05
https://www.youtube.com/channel/UCrd80ZAtC_y1sSI5IrsJUCg,Prof. Dr. Oliver Pott,UCrd80ZAtC_y1sSI5IrsJUCg,70300,69100,1200,1.7366,2026-10-04 08:26:42,False,221354.0,0.01,1.74,555.35
https://www.youtube.com/channel/UCRoj_Q9i1Lwk-6xmymWmI5Q,Thema Films,UCRoj_Q9i1Lwk-6xmymWmI5Q,78100,77100,1000,1.297,2026-10-04 08:26:43,False,151013.0,0.01,2.95,5558.05
https://www.youtube.com/channel/UCCIBjzcEvf5IJjT3-Y9uYiA,Suix Dofus,UCCIBjzcEvf5IJjT3-Y9uYiA,4160,4160,0,0.0,2026-10-04 08:26:44,False,1303.0,0.02,1.37,9523.5
https://www.youtube.com/channel/UCyaZPNj3EbIb0ZJ9_vmAGhA,AGUSTIN51 WORLD,UCyaZPNj3EbIb0ZJ9_vmAGhA,250000,249000,1000,0.4016,2026-10-04 08:26:45,False,245095.0,0.02,1.32,2694.1
https://www.youtube.com/channel/UCOHE6JUPxK3cS8oy3Bl7w4g,Easy Crochet Knitting,UCOHE6JUPxK3cS8oy3Bl7w4g,11100,11000,100,0.9091,2026-10-04 08:26:47,False,8508.0,0.02,2.21,700.7
https://www.youtube.com/channel/UCWIXjNfjEJFTuDi4LGayM3A,Dorothy the Dinosaur,UCWIXjNfjEJFTuDi4LGayM3A,20500,17500,3000,17.1429,2026-10-04 08:26:48,False,20237.0,0.01,1.12,927.78
https://www.youtube.com/channel/UCpR9FBD7p71HAsUFLY-jjBQ,HADS,UCpR9FBD7p71HAsUFLY-jjBQ,89000,87899,1101,1.2526,2026-10-04 08:26:49,False,135067.0,0.01,0.95,5228.1
https://www.youtube.com/channel/UCYM-rL6VUti2qyi88tprc-Q,DIGEP - ORHUS,UCYM-rL6VUti2qyi88tprc-Q,43100,43099,1,0.0023,2026-10-04 08:26:50,False,3704.0,0.0,0.53,13221.15
https://www.youtube.com/channel/UC71om6I2ST-IyHQKRRJtbTQ,"中華民國外交部 Ministry of Foreign Affairs, ROC〈Taiwan〉",UC71om6I2ST-IyHQKRRJtbTQ,22900,22799,101,0.443,2026-10-04 08:26:52,False,3163.0,0.03,1.58,752.05
https://www.youtube.com/channel/UC1WjN-jeA79AjX2ha1uWcPA,ByebyeAce,UC1WjN-jeA79AjX2ha1uWcPA,21200,20700,500,2.4155,2026-10-04 08:26:53,False,27488.0,0.01,0.32,6266.8
https://www.youtube.com/channel/UC2Or10-GxL7WQRkVPuATLjg,frungleman,UC2Or10-GxL7WQRkVPuATLjg,20000,19900,100,0.5025,2026-10-04 08:26:54,False,55153.0,0.07,11.37,1383.7
https://www.youtube.com/channel/UCzXoM7aNSAermoDu1jrN_mg,DÂN VÙNG CAO ,UCzXoM7aNSAermoDu1jrN_mg,5430,5430,0,0.0,2026-10-04 08:26:55,False,14648.0,0.0,1.53,2215.75
https://www.youtube.com/channel/UCOwYP6wpS_-3kt0ArR5ywZA,News Made Simple with Kgomotso Modise,UCOwYP6wpS_-3kt0ArR5ywZA,13000,13000,0,0.0,2026-10-04 08:26:57,False,6475.0,0.05,2.26,629.2
https://www.youtube.com/channel/UCuFU8pLObeexf5VIMxH9zcw,ASMR ASHFAQ,UCuFU8pLObeexf5VIMxH9zcw,42700,40500,2200,5.4321,2026-10-04 08:26:58,False,3213538.0,0.01,0.21,5230.35
