优先级,频道名称,频道链接,起始订阅,当前订阅,周增长量,周增长率%,质量评分,数据天数,更新时间,长视频平均播放数,长视频互动率,更新频率(1/天),平均时长
✅ 一般增长,LOUD JÓ,https://www.youtube.com/channel/UCl7wUM68BirHYt4iPdUia7g,204000,212000,8000,3.92,3,6,2026-08-02 05:36:03,99538.0,0.04,1.32,8449.45
✅ 一般增长,Antônio - Viva Mais Saúde,https://www.youtube.com/channel/UCVHK1vHh6uKndQzDuLF_CUw,224000,232000,8000,3.57,3,6,2026-08-02 05:37:42,45103.0,0.14,1.32,550.2
✅ 一般增长,사에쨩,https://www.youtube.com/channel/UC6DfdW0uxEzvj3gKEfZD4Pg,177000,183000,6000,3.39,3,6,2026-08-02 05:38:39,563100.0,0.04,11.79,563.6
✅ 一般增长,유우키,https://www.youtube.com/channel/UC1d4VGrTcU7X4e5a2c5JBzQ,195000,201000,6000,3.08,3,5,2026-08-02 05:39:23,305778.0,0.04,9.38,704.11
✅ 一般增长,인생 향기,https://www.youtube.com/channel/UCwjtbv6zEv1zeUyVl0596Vw,246000,255000,9000,3.66,3,3,2026-08-02 05:41:56,436232.0,0.04,4.26,155.9
✅ 一般增长,Scene Pe Scene,https://www.youtube.com/channel/UCxOUEkQ_9pKIROe5XiFPFHw,110000,114000,4000,3.64,2,6,2026-08-02 05:33:46,63966.0,0.0,0.53,1345.1
✅ 一般增长,Eurasian Echo Media Films ,https://www.youtube.com/channel/UCwebw8-1NaWFLLFmhoMxbgg,108000,112000,4000,3.7,2,6,2026-08-02 05:34:14,193350.0,0.01,2.58,5313.2
✅ 一般增长,Rabbit Digital,https://www.youtube.com/channel/UCYgXmTtDi2uTZNLeMKo-tHA,116000,121000,5000,4.31,2,6,2026-08-02 05:34:22,3052217.0,0.01,31.12,2539.17
✅ 一般增长,รับเช่าพระ โดยไอซ์แอนติค,https://www.youtube.com/channel/UCptI2TKtMyIUF2MoasPqrBA,120000,125000,5000,4.17,2,6,2026-08-02 05:34:37,1569.0,0.04,8.53,430.3
✅ 一般增长,Théâtre palpitant,https://www.youtube.com/channel/UCaWyAMl-hidMfxmwK7h_fSQ,127000,131000,4000,3.15,2,6,2026-08-02 05:37:06,6737.0,0.04,0.42,8415.2
✅ 一般增长,心の物語,https://www.youtube.com/channel/UCrdk4sfl9jks8lIwdH3ojDA,121000,125000,4000,3.31,2,6,2026-08-02 05:37:52,195689.0,0.02,1.58,996.95
✅ 一般增长,エルコレ~宗右衛門超TV~,https://www.youtube.com/channel/UCuAVpCoejJDmlVAIKjyA4hw,106000,110000,4000,3.77,2,4,2026-08-02 05:40:53,561554.0,0.01,13.4,970.82
✅ 一般增长,ブラック企業につとめる社畜OLりさ,https://www.youtube.com/channel/UCfVI87kbKvKAMifVIki6Jng,107000,111000,4000,3.74,2,4,2026-08-02 05:40:54,370719.0,0.02,1.79,957.25
✅ 一般增长,โรแมนติก ละครสั้น,https://www.youtube.com/channel/UC0dnAcJNIrWNMp3XdcJx3Uw,40000,41500,1500,3.75,1,6,2026-08-02 05:33:38,45677.0,0.02,1.0,7974.75
✅ 一般增长,정영진의 나쁜질문,https://www.youtube.com/channel/UCmkOpe3VTehtoIVUuHvdhOw,90900,94600,3700,4.07,1,6,2026-08-02 05:34:06,253242.0,0.03,14.79,1404.8
✅ 一般增长,PiPiPop FR,https://www.youtube.com/channel/UCsNaP8L5DhmmgQsIU4BUo-g,49900,51900,2000,4.01,1,6,2026-08-02 05:34:09,54411.0,0.02,1.05,2937.5
✅ 一般增长,The Laurent B Project,https://www.youtube.com/channel/UCdtVXzxELy1aZtyytyrFMvw,29300,30600,1300,4.44,1,6,2026-08-02 05:34:10,2053.0,0.02,0.63,522.4
✅ 一般增长,Dada Meteo,https://www.youtube.com/channel/UCCVtvu5g-Mfevso83XYnxrA,27400,28400,1000,3.65,1,6,2026-08-02 05:34:20,34553.0,0.05,1.58,992.15
✅ 一般增长,gamezk1ng,https://www.youtube.com/channel/UCWVfeJQMdw3mfILyk7npwEg,36400,38000,1600,4.4,1,6,2026-08-02 05:34:29,58588.0,0.04,28.42,808.2
✅ 一般增长,E-Guwer,https://www.youtube.com/channel/UCo2mqB8GBNoiatpX3h8chAA,33400,34600,1200,3.59,1,6,2026-08-02 05:35:09,61442.0,0.04,5.11,1903.3
✅ 一般增长,DJEXO Games,https://www.youtube.com/channel/UCIdCyaazpSepru31zx0zTiA,18600,19200,600,3.23,1,6,2026-08-02 05:35:13,90292.0,0.06,4.2,882.17
✅ 一般增长,Rêves Courts,https://www.youtube.com/channel/UCU-SYmlXznC3OT5KgOxqLYQ,17900,18600,700,3.91,1,6,2026-08-02 05:35:28,42138.0,0.03,0.95,10561.9
✅ 一般增长,Fully Buffered,https://www.youtube.com/channel/UCOHElPrRTJanVoZ1emCiPew,21600,22400,800,3.7,1,6,2026-08-02 05:35:45,61184.0,0.06,90.74,662.6
✅ 一般增长,عقلية الثراء,https://www.youtube.com/channel/UCAvXeH_Kp9vIUOM-8PIMFKw,16300,16800,500,3.07,1,6,2026-08-02 05:35:46,5567.0,0.08,2.58,1569.4
✅ 一般增长,상콤체리 인생스토리,https://www.youtube.com/channel/UChnqiGkM49n8Cbb79DE9yRg,44500,46100,1600,3.6,1,6,2026-08-02 05:36:10,200241.0,0.03,2.68,299.5
✅ 一般增长,ModernLIVE,https://www.youtube.com/channel/UCh_3hpIkXP-0dQawp_CQSIg,36800,38300,1500,4.08,1,6,2026-08-02 05:36:17,7349.0,0.01,10.32,1235.85
✅ 一般增长,EIBARCA,https://www.youtube.com/channel/UCPBoYmNsfzcRfjj7XCoYhcA,18100,18700,600,3.31,1,6,2026-08-02 05:36:20,85241.0,0.03,0.95,170.25
✅ 一般增长, PASIÓN MERENGUE,https://www.youtube.com/channel/UCJc3TjcNmFxl99FumSBN5DA,32300,33300,1000,3.1,1,6,2026-08-02 05:36:22,161874.0,0.03,1.0,2236.5
✅ 一般增长,Saber que Funciona,https://www.youtube.com/channel/UC-anKFVjEM1NkNvJqx0sDXA,72400,75000,2600,3.59,1,6,2026-08-02 05:36:23,34167.0,0.13,2.16,1299.9
✅ 一般增长,星河劇場,https://www.youtube.com/channel/UCQhDkoKOa17APEz0l53tH-w,62800,64700,1900,3.03,1,6,2026-08-02 05:36:43,4687.0,0.01,0.0,7832.9
✅ 一般增长,Thinking Mans Football,https://www.youtube.com/channel/UCb42Ogf65ddvkCuPFIw57UQ,13100,13600,500,3.82,1,6,2026-08-02 05:37:04,12092.0,0.11,0.0,657.5
✅ 一般增长,Mana & Mob,https://www.youtube.com/channel/UCIOTogbhvWCAKxgkryIIi7w,44700,46100,1400,3.13,1,6,2026-08-02 05:37:12,40657.0,0.1,1.89,2305.65
✅ 一般增长,ELAX al cubo,https://www.youtube.com/channel/UCJSUN2BBSpAHWvXZxuBEgvQ,49300,50900,1600,3.25,1,6,2026-08-02 05:37:18,119945.0,0.06,16.26,2359.45
✅ 一般增长,Historia Reales X,https://www.youtube.com/channel/UCyp-eCaOZ3dxHupPOKSNVPA,42600,43900,1300,3.05,1,6,2026-08-02 05:37:19,375499.0,0.03,1.0,194.75
✅ 一般增长,Zhang Xiaojun Podcast,https://www.youtube.com/channel/UC3Sv1JuKpbOx3csUO8FAo5g,38700,40100,1400,3.62,1,6,2026-08-02 05:37:36,20836.0,0.01,5.37,10538.95
✅ 一般增长,Paimaõ,https://www.youtube.com/channel/UCciNVHt730_R2WhNGIWHRlA,18000,18600,600,3.33,1,6,2026-08-02 05:37:38,79458.0,0.07,33.68,1367.8
✅ 一般增长,Eva Niksen Arabic Stories,https://www.youtube.com/channel/UC79CSaESyV-m2Kg1zzOuVKA,38000,39300,1300,3.42,1,6,2026-08-02 05:37:41,252865.0,0.0,2.89,1716.65
✅ 一般增长,Kode,https://www.youtube.com/channel/UCLCjMCNOQm3i3Hll6_vmu9Q,11200,11600,400,3.57,1,6,2026-08-02 05:38:06,43788.0,0.08,18.06,766.24
✅ 一般增长,Dam Pop,https://www.youtube.com/channel/UC0pvrT2liODJg4hLLZrUVzg,22800,23800,1000,4.39,1,6,2026-08-02 05:38:27,42642.0,0.01,0.79,578.95
✅ 一般增长,Behz Extra,https://www.youtube.com/channel/UCoxQK18ZYanKJGjHP5wdrJw,89000,92800,3800,4.27,1,6,2026-08-02 05:38:44,98829.0,0.04,1.44,993.8
✅ 一般增长,dave guanda,https://www.youtube.com/channel/UCSFQ5VuLSlleYVJt3Elnb0Q,10500,10900,400,3.81,1,6,2026-08-02 05:38:49,1016.0,0.02,3.84,1721.9
✅ 一般增长,Factor Bélico,https://www.youtube.com/channel/UCKNwVoem4veb59LejBSf3sQ,11600,12100,500,4.31,1,6,2026-08-02 05:38:55,46213.0,0.04,5.84,984.1
✅ 一般增长,Queen Enhle,https://www.youtube.com/channel/UCEKrSBFwDAuRM69IKp9SrxQ,10700,11100,400,3.74,1,6,2026-08-02 05:39:13,90228.0,0.03,12.5,1311.54
✅ 一般增长,小林の観察日記,https://www.youtube.com/channel/UCToQ_m_pvPo1tPTJU3NjX_w,69000,71900,2900,4.2,1,5,2026-08-02 05:39:21,289220.0,0.04,18.0,1802.6
✅ 一般增长,Itachín,https://www.youtube.com/channel/UCmF8LBXxT4J2vunoDOmm0zw,15400,16000,600,3.9,1,5,2026-08-02 05:39:51,143817.0,0.06,15.0,1397.8
✅ 一般增长,JCO PROJECT,https://www.youtube.com/channel/UCLo1HhAaZaQGNjuPARVgNJw,25800,26900,1100,4.26,1,5,2026-08-02 05:39:55,136611.0,0.08,23.92,1196.46
✅ 一般增长,ว่างก็ถ่าย,https://www.youtube.com/channel/UCpSeqayPXNSQ2IIPx4BK_vA,45800,47700,1900,4.15,1,5,2026-08-02 05:40:03,30646.0,0.05,0.42,859.65
✅ 一般增长,ซีรีส์ทีวีไทยแบบสั้น,https://www.youtube.com/channel/UC8_FG2ofsUtu1o0pW6kGtQA,41600,43300,1700,4.09,1,5,2026-08-02 05:40:04,71000.0,0.02,0.58,7271.05
✅ 一般增长,Blank Drama,https://www.youtube.com/channel/UCIytlewtfGV_WyqGM-9IjWw,48800,50300,1500,3.07,1,5,2026-08-02 05:40:25,71592.0,0.01,0.79,7314.15
✅ 一般增长,The Quiz Zone,https://www.youtube.com/channel/UCCFThXdqftk2_xoq_0k-DnA,11300,11800,500,4.42,1,5,2026-08-02 05:40:29,995.0,0.01,1.37,965.75
✅ 一般增长,RAVO,https://www.youtube.com/channel/UC0QqAsdbrZCqit5iZ-RguZg,56200,58400,2200,3.91,1,4,2026-08-02 05:41:07,20340.0,0.17,19.84,1176.4
✅ 一般增长,Pak Long Zakie ,https://www.youtube.com/channel/UC2HUO1-08OvVJLCyH5ir0Dw,11600,12100,500,4.31,1,4,2026-08-02 05:41:33,12065.0,0.02,14.16,1709.3
✅ 一般增长,籃球痴漢 BasketballPervert,https://www.youtube.com/channel/UC4tQ5r9sDGn7k90PHfmPOdg,13600,14100,500,3.68,1,4,2026-08-02 05:41:36,85675.0,0.03,17.58,999.3
✅ 一般增长,آية وسورة - Ayah W Surah,https://www.youtube.com/channel/UCjq6ov_0eSez2vv7z9xCBRQ,96100,99700,3600,3.75,1,3,2026-08-02 05:42:02,35.0,0.02,0.42,5783.75
✅ 一般增长,Humor Latino Yeah,https://www.youtube.com/channel/UCb0zP_fUU3W8oPfwsV454uQ,45200,46700,1500,3.32,1,3,2026-08-02 05:42:06,150360.0,0.04,2.89,6094.8
✅ 一般增长,喵喵推文,https://www.youtube.com/channel/UCY0rMrpCLa6Ms7I_jb4ImvA,51400,53200,1800,3.5,1,3,2026-08-02 05:42:14,302.0,0.06,0.0,5113.8
⭐ 优质增长,Torrano+Walking4K,https://www.youtube.com/channel/UCysv84dYCq5wKOto1o5FKKQ,116000,162000,46000,39.66,7,6,2026-08-02 05:33:58,5653.0,0.04,1.11,821.65
⭐ 优质增长,Movie In,https://www.youtube.com/channel/UCDWb-6r1YZq3nA-ei8gbWbg,181000,219000,38000,20.99,7,6,2026-08-02 05:35:01,340056.0,0.01,0.68,7557.3
⭐ 优质增长,Mendrux,https://www.youtube.com/channel/UCgvrvClbWLhu9QK9SfYvAdQ,109000,146000,37000,33.94,7,6,2026-08-02 05:36:58,428208.0,0.04,2.14,2833.25
⭐ 优质增长,Anix,https://www.youtube.com/channel/UC-lUmZKTnTuIT0db_e4a10w,186000,223000,37000,19.89,7,7,2026-08-02 05:37:56,502901.0,0.1,0.0,1098.0
⭐ 优质增长,Twixxel +,https://www.youtube.com/channel/UCkbP4BWM-pLh2n4AArOPyfQ,88100,119000,30900,35.07,7,6,2026-08-02 05:37:57,57178.0,0.15,0.0,1172.0
⭐ 优质增长,김돗개,https://www.youtube.com/channel/UCkgvDJnuAgxv0hJMfkaWzpA,206000,232000,26000,12.62,7,4,2026-08-02 05:40:55,711923.0,0.05,1.16,174.9
⭐ 优质增长,leycraft23,https://www.youtube.com/channel/UC53envz--vhaEr5S9DdLllg,99700,111000,11300,11.33,6,6,2026-08-02 05:33:56,238067.0,0.02,3.68,893.55
⭐ 优质增长,PicturesKart,https://www.youtube.com/channel/UCRL-qI3RI7SujpXttHuRq0g,140000,165000,25000,17.86,6,6,2026-08-02 05:35:14,13680.0,0.01,0.11,6993.6
⭐ 优质增长,Alice princesse,https://www.youtube.com/channel/UClmBXrg2zYcQhWTTG7muEBw,191000,214000,23000,12.04,6,6,2026-08-02 05:35:18,1666404.0,0.0,3.42,818.65
⭐ 优质增长,Varuna Gezgin,https://www.youtube.com/channel/UC1EICBmMpqoz2D7LD_vbo9A,92400,109000,16600,17.97,6,6,2026-08-02 05:35:53,223728.0,0.01,12.47,2269.65
⭐ 优质增长,差评君,https://www.youtube.com/channel/UCqlQ5ErufqtQUhkuKj1xngg,181000,200000,19000,10.5,6,6,2026-08-02 05:36:13,12884.0,0.03,2.11,351.55
⭐ 优质增长,Mark Gagalac,https://www.youtube.com/channel/UCfd0DsA8nJ89cHdEmWEsTQQ,29800,65400,35600,119.46,6,6,2026-08-02 05:36:46,5.0,0.41,0.0,231.2
⭐ 优质增长,Pronto para Construir - Bruno e Vanessa,https://www.youtube.com/channel/UCr4hmKiaTJYRYCRSkktTy7A,119000,132000,13000,10.92,6,6,2026-08-02 05:37:00,420800.0,0.08,0.95,149.1
⭐ 优质增长,Le réveil de l'Humanité,https://www.youtube.com/channel/UCpZ8DDzlpml9mKxxFa7v0Sw,129000,146000,17000,13.18,6,6,2026-08-02 05:37:07,307040.0,0.05,40.82,2793.67
⭐ 优质增长,Tiểu Hồ Review ,https://www.youtube.com/channel/UCoygEVORiacAS8QvzBzzMFA,134000,155000,21000,15.67,6,6,2026-08-02 05:37:37,107496.0,0.03,0.26,11657.45
⭐ 优质增长,Acoustic Terrace,https://www.youtube.com/channel/UC6K8kugJ-MbWtbn5gd8u-9Q,17900,51100,33200,185.47,6,6,2026-08-02 05:38:02,12702.0,0.01,1.16,6809.1
⭐ 优质增长,A Caccia Di Trader Ufficiale,https://www.youtube.com/channel/UCpG2ZRcRIaIE2DSpBDimTOg,19800,51600,31800,160.61,6,6,2026-08-02 05:38:51,1331.0,0.04,1.68,1298.6
⭐ 优质增长,りくりゅうちゃんねる,https://www.youtube.com/channel/UCJHNANutk2PMibPmpZz1qAA,125000,143000,18000,14.4,6,5,2026-08-02 05:39:20,1208863.0,0.04,0.0,305.0
⭐ 优质增长,이스타,https://www.youtube.com/channel/UCRb8CJyprj-cZFlJ6-pLKzg,85600,103000,17400,20.33,6,5,2026-08-02 05:39:26,196717.0,0.03,1.0,3350.5
⭐ 优质增长,Dios Habla hoy ,https://www.youtube.com/channel/UCjRNM_a0_mxEnM6IyhT4LRQ,88900,111000,22100,24.86,6,4,2026-08-02 05:40:48,72663.0,0.13,0.26,165.4
⭐ 优质增长,cute box,https://www.youtube.com/channel/UC6xuDLosa4sekavfVUpJGPg,168000,185000,17000,10.12,6,4,2026-08-02 05:41:02,1144227.0,0.01,0.37,4496.55
⭐ 优质增长,Survival Deutschland,https://www.youtube.com/channel/UCj15ovZ5sDordfLyWZI_Mkg,156000,181000,25000,16.03,6,4,2026-08-02 05:41:08,15098.0,0.08,25.74,1397.55
📈 稳定增长,Cubitologs,https://www.youtube.com/channel/UCVfew7duFuY-zfJ8oLPetMQ,103000,112000,9000,8.74,5,6,2026-08-02 05:33:57,253210.0,0.04,33.8,1842.5
📈 稳定增长,Sweet Melody-69,https://www.youtube.com/channel/UCs1aKRx0rhNX71qUrFKaCSA,100000,109000,9000,9.0,5,6,2026-08-02 05:34:00,1344.0,0.01,0.0,3078.65
📈 稳定增长,Music fever forever,https://www.youtube.com/channel/UCZ5_MPMyZm4bliI0279e1Bg,214000,234000,20000,9.35,5,6,2026-08-02 05:34:07,1403.0,0.04,0.16,753.45
📈 稳定增长,Nebula Prophecy,https://www.youtube.com/channel/UCWQVu0eZccFkw3cwcJbUqJA,67100,82300,15200,22.65,5,6,2026-08-02 05:34:12,900141.0,0.01,46.6,1055.5
📈 稳定增长,Chef Gafur,https://www.youtube.com/channel/UC_6Z7BmLnIgxSPPIY52xd_w,81300,98600,17300,21.28,5,6,2026-08-02 05:34:15,146166.0,0.06,3.47,764.35
📈 稳定增长,Chinese Drama Recap,https://www.youtube.com/channel/UCrTR6pX9iOpiYjMSnO3DxUQ,47600,54500,6900,14.5,5,6,2026-08-02 05:34:43,99606.0,0.04,1.11,4111.65
📈 稳定增长,露露動漫,https://www.youtube.com/channel/UCFT4Hy-NHxwgskkVDjAlCAA,133000,145000,12000,9.02,5,6,2026-08-02 05:34:44,20032.0,0.02,0.11,14405.55
📈 稳定增长,国漫星球Planet,https://www.youtube.com/channel/UC-t6gTfD7qcA2X8UtO3MWPw,77200,86600,9400,12.18,5,6,2026-08-02 05:34:48,7418.0,0.03,0.05,21356.0
📈 稳定增长,diving adventure,https://www.youtube.com/channel/UCYW2cnuYCZ_G9ZEOd5MeVig,56700,68200,11500,20.28,5,6,2026-08-02 05:34:49,53003.0,0.02,0.05,836.45
📈 稳定增长,妍妍讲故事,https://www.youtube.com/channel/UCqj2BSNPUk0vExwn1JAMWDg,59700,68700,9000,15.08,5,6,2026-08-02 05:34:53,150960.0,0.03,0.16,170.0
📈 稳定增长,椰椰动漫社,https://www.youtube.com/channel/UCXQDbZw7DcCTJoXCaBuxRdQ,78200,87000,8800,11.25,5,6,2026-08-02 05:34:54,4223.0,0.03,0.05,25302.4
📈 稳定增长,김준기,https://www.youtube.com/channel/UCjFThO1CS8oy-Go07yJ1jeA,38100,48500,10400,27.3,5,6,2026-08-02 05:35:23,55909.0,0.06,0.47,159.5
📈 稳定增长,Dr. Harlow,https://www.youtube.com/channel/UCe5I3l3QT_znrrPA3kpu6Hw,32400,42000,9600,29.63,5,6,2026-08-02 05:35:29,35404.0,0.02,0.95,647.15
📈 稳定增长,Trillion Recap,https://www.youtube.com/channel/UCP0Dprk6PvHG_NiqLH7YQOw,42800,53600,10800,25.23,5,6,2026-08-02 05:35:36,97670.0,0.04,2.63,2508.2
📈 稳定增长,SML en Español,https://www.youtube.com/channel/UC90nxHuM3Ykrn8zTcxVjNEQ,28800,37100,8300,28.82,5,6,2026-08-02 05:36:07,79620.0,0.06,3.06,744.58
📈 稳定增长,AniMYSEA,https://www.youtube.com/channel/UC55QwRFOumqiYCJDnVIb6lw,72000,81800,9800,13.61,5,6,2026-08-02 05:36:35,765200.0,0.01,1.32,1414.3
📈 稳定增长,Channel_S_Recaps ,https://www.youtube.com/channel/UCI_pojBSqNB1w_j_A6xAUGg,27900,34800,6900,24.73,5,6,2026-08-02 05:36:37,52688.0,0.05,1.26,2693.75
📈 稳定增长,心願劇社,https://www.youtube.com/channel/UCaqBfbuUhlvcKi_RPIEfSjQ,50000,59900,9900,19.8,5,6,2026-08-02 05:36:42,14483.0,0.02,0.05,9416.9
📈 稳定增长,DEBO PLAYS,https://www.youtube.com/channel/UC_Hgx35MkMA7bCrLVVYuXiA,35000,40900,5900,16.86,5,6,2026-08-02 05:37:08,27723.0,0.04,3.89,2711.85
📈 稳定增长,Will Velida,https://www.youtube.com/channel/UCgV0RWjqmZ-Zl6vfoH2Wqjg,21200,27800,6600,31.13,5,6,2026-08-02 05:37:14,1082.0,0.05,0.42,843.3
📈 稳定增长,Sahabat Selamanya Upin & Ipin,https://www.youtube.com/channel/UCnSlpmbhavBYbW7pED0bntA,77200,85900,8700,11.27,5,6,2026-08-02 05:37:26,388246.0,0.0,0.79,1322.05
📈 稳定增长,위에위에 애니클럽,https://www.youtube.com/channel/UCCYQt74pW9UEu-XIRFOYkxA,79900,88100,8200,10.26,5,6,2026-08-02 05:37:27,55924.0,0.02,0.74,8917.25
📈 稳定增长,Camping Prohibido,https://www.youtube.com/channel/UClCUA9449QBdsM_gWYDdtCQ,23900,29100,5200,21.76,5,6,2026-08-02 05:37:43,19233.0,0.06,1.26,1220.95
📈 稳定增长,Gary Chen,https://www.youtube.com/channel/UC9C3t-3ocL0LiwGRD0gBJ8A,60100,67800,7700,12.81,5,6,2026-08-02 05:37:51,47881.0,0.04,3.84,970.4
📈 稳定增长,KEN,https://www.youtube.com/channel/UC2mfTPbN7M4gUnufe711sEA,273000,298000,25000,9.16,5,6,2026-08-02 05:38:17,39760.0,0.05,1.53,226.6
📈 稳定增长,多多漫剧,https://www.youtube.com/channel/UCb_6nad35ZmeYjeIb48Hj2Q,13700,22200,8500,62.04,5,6,2026-08-02 05:38:26,58.0,0.02,0.0,3730.3
📈 稳定增长,Mr Kutsokon,https://www.youtube.com/channel/UChdjSEysamoZdnDuiEyyDEg,115000,124000,9000,7.83,5,6,2026-08-02 05:38:29,259225.0,0.01,0.95,9907.15
📈 稳定增长,𝐍𝐨𝐧𝐲 𝐭𝐨𝐜𝐚🎀🫧.,https://www.youtube.com/channel/UCchyP4BjSMjWhM9QAVuMZQg,120000,130000,10000,8.33,5,6,2026-08-02 05:38:33,278794.0,0.03,17.79,582.93
📈 稳定增长,MoviesLimbo 🍿 ,https://www.youtube.com/channel/UCh3HYI_do6uwzM6mS86wFMQ,113000,122000,9000,7.96,5,6,2026-08-02 05:38:35,402345.0,0.02,1.74,2846.05
📈 稳定增长, آية التقوى Ayat AL Taqwaa,https://www.youtube.com/channel/UCu_SVODpjRDO-vb3-E9tzdg,32100,50400,18300,57.01,5,6,2026-08-02 05:38:45,30610.0,0.01,0.37,10901.1
📈 稳定增长,Khit 24 World,https://www.youtube.com/channel/UC6kogkNuKMFAHs2nJd4w36w,34500,46300,11800,34.2,5,6,2026-08-02 05:38:56,120115.0,0.02,0.32,1832.7
📈 稳定增长,August Channel : ช่องใหม่ ,https://www.youtube.com/channel/UCqp8tqrB01XPzjZtSulEN9g,35300,41100,5800,16.43,5,6,2026-08-02 05:38:59,75576.0,0.03,17.58,1658.45
📈 稳定增长,Redknot-乔红,https://www.youtube.com/channel/UCAf2Y9FGJlE_ByXYF7BXv5g,103000,112000,9000,8.74,5,6,2026-08-02 05:39:05,118820.0,0.03,30.84,862.85
📈 稳定增长,ベランダ酒場 veranda bar,https://www.youtube.com/channel/UCj8ccmIMXlBNJZ1OyTqXwKQ,121000,133000,12000,9.92,5,5,2026-08-02 05:39:25,193417.0,0.01,8.05,1428.45
📈 稳定增长,달맞이TV  (タルマジTV),https://www.youtube.com/channel/UCr2N8SjSRH454wEjOMQxUYw,220000,241000,21000,9.55,5,5,2026-08-02 05:39:28,68970.0,0.03,2.32,205.9
📈 稳定增长,Upin & Ipin TV,https://www.youtube.com/channel/UCCNIq9LlG1MtXKIhap_8hzA,198000,215000,17000,8.59,5,5,2026-08-02 05:39:30,719509.0,0.0,0.63,1162.55
📈 稳定增长,Mauvais djo,https://www.youtube.com/channel/UCJ2deOSM_0syVxf_HO4HR7g,106000,114000,8000,7.55,5,5,2026-08-02 05:39:34,12940082.0,0.01,104.5,163.57
📈 稳定增长,Sarah & Grâce,https://www.youtube.com/channel/UCtpTHaNVKPPNabSkrHTTUVQ,36500,53200,16700,45.75,5,5,2026-08-02 05:39:35,149722.0,0.05,0.5,146.67
📈 稳定增长,ENFERMERA MOKA,https://www.youtube.com/channel/UCU1Y7owQK_7_t4FGGGqgc1w,33400,40600,7200,21.56,5,5,2026-08-02 05:39:38,79630.0,0.02,1.0,715.7
📈 稳定增长,Baran,https://www.youtube.com/channel/UCKJtSuOsdW2J_kougYYSSYQ,25300,35900,10600,41.9,5,5,2026-08-02 05:39:39,156128.0,0.12,0.0,1914.0
📈 稳定增长,Beauty Street Food,https://www.youtube.com/channel/UCc_RPoQh04nAtFg28cCVHgw,32300,37700,5400,16.72,5,5,2026-08-02 05:39:41,839208.0,0.0,0.89,8168.8
📈 稳定增长,Salt,https://www.youtube.com/channel/UCDuObe2hLiVqMZlzz0HCwxA,98300,106000,7700,7.83,5,5,2026-08-02 05:39:48,568665.0,0.03,15.71,3024.88
📈 稳定增长,KIPPRECAPSTUDIO ,https://www.youtube.com/channel/UCxHInFQcKtOtS9UGGL3P3Gw,60900,69600,8700,14.29,5,5,2026-08-02 05:40:00,110559.0,0.06,4.19,3017.12
📈 稳定增长,ราชาหนัง,https://www.youtube.com/channel/UCS2zTzIZ87hfYjvnPKtya_Q,121000,132000,11000,9.09,5,5,2026-08-02 05:40:01,996924.0,0.02,4.68,7256.95
📈 稳定增长,ဓမ္မဒေသနာတော် {လူသားအကျိုးပြုတရားတော်များ},https://www.youtube.com/channel/UCmnAJJkaqY4i7t50DabHpNg,13600,20800,7200,52.94,5,5,2026-08-02 05:40:05,37963.0,0.02,0.47,23559.9
📈 稳定增长,野史课代表,https://www.youtube.com/channel/UClDU3hNHDSLU64HlRifzJ4A,54300,71400,17100,31.49,5,5,2026-08-02 05:40:10,698311.0,0.0,0.21,6151.7
📈 稳定增长,拉拉漫剧,https://www.youtube.com/channel/UC_dnEu-38VnBcUxAB9kiKZw,32900,38900,6000,18.24,5,5,2026-08-02 05:40:18,1430.0,0.02,0.0,14986.4
📈 稳定增长,九菇凉,https://www.youtube.com/channel/UCP9N46LjGL-_UkhiEMxfMug,13900,29800,15900,114.39,5,5,2026-08-02 05:40:33,198.0,0.03,0.0,6142.7
📈 稳定增长,Leonardo Morrison Black ,https://www.youtube.com/channel/UCV0qXm7EHPUXXUbYjMCfAUA,55000,61500,6500,11.82,5,5,2026-08-02 05:40:39,16700.0,0.01,26.0,283.3
📈 稳定增长,The Movie Files,https://www.youtube.com/channel/UC_2KKwJGPMQTHNR_sO5Xb6Q,37300,48200,10900,29.22,5,5,2026-08-02 05:40:44,16360.0,0.01,0.05,7551.05
📈 稳定增长,Dr. Marlon Batista | Nutrólogo,https://www.youtube.com/channel/UCVbK-TYNJ7zD-tFRkRdrGGw,71700,91600,19900,27.75,5,4,2026-08-02 05:40:49,77181.0,0.07,0.16,150.95
📈 稳定增长,Stephanie series ,https://www.youtube.com/channel/UCxR22J3xWHPT8A_a9gx5Otg,27300,35800,8500,31.14,5,4,2026-08-02 05:41:14,63590.0,0.01,0.58,225.0
📈 稳定增长,Etteh Chow,https://www.youtube.com/channel/UCw-KeUayju5uew7BQZZUY6Q,44800,64800,20000,44.64,5,4,2026-08-02 05:41:27,231370.0,0.02,0.95,175.05
📈 稳定增长,GCS Machinery,https://www.youtube.com/channel/UCWTkQVczvm9ozohA1G5gTNw,39300,44900,5600,14.25,5,3,2026-08-02 05:41:59,6895.0,0.1,1.42,1105.7
📈 稳定增长,Steven Gätjen,https://www.youtube.com/channel/UCg0nO2ZS30WHb2ym8PtFATg,15600,24800,9200,58.97,5,3,2026-08-02 05:42:01,43360.0,0.14,2.0,822.0
📈 稳定增长,Dee,https://www.youtube.com/channel/UCbR_NWMX6DqmvN7SPK6VcMA,93100,101000,7900,8.49,5,3,2026-08-02 05:42:09,18772.0,0.06,0.68,5626.95
📈 稳定增长,Gal גל Max Maximilian,https://www.youtube.com/channel/UCyuFs2QMUYMeWJEDpBh189A,71200,80100,8900,12.5,5,3,2026-08-02 05:42:24,16410.0,0.0,8.05,246.2
📈 稳定增长,【斎藤一人】幸運の魂神社,https://www.youtube.com/channel/UCzD9dbxu9x4ZTGHB7W7Zj3Q,13500,15100,1600,11.85,4,3,2026-07-05 06:16:36,25085.0,0.12,0.95,1873.95
📈 稳定增长,Street Food Records,https://www.youtube.com/channel/UCDQmK9db_mvSs7wE6DFnSbQ,202000,215000,13000,6.44,4,6,2026-08-02 05:33:39,1403675.0,0.0,0.47,10652.65
📈 稳定增长,시고르 우체부,https://www.youtube.com/channel/UC4dfNihjro03g59K0TDUyxg,294000,314000,20000,6.8,4,6,2026-08-02 05:34:05,1107889.0,0.05,1.0,178.1
📈 稳定增长,Lyna y Mandarina,https://www.youtube.com/channel/UCf-SMt2ssoys3Jj_m1EqDuQ,100000,107000,7000,7.0,4,6,2026-08-02 05:34:16,186163.0,0.02,4.47,3025.62
📈 稳定增长,Official Bhai _6275,https://www.youtube.com/channel/UC5qsXixH5cFCpC1lyYc6IHA,110000,117000,7000,6.36,4,6,2026-08-02 05:34:21,95243.0,0.13,0.21,171.1
📈 稳定增长,Romulo Cristalino,https://www.youtube.com/channel/UCTNEDcHv3STz3OozYU5ZCxg,46300,51000,4700,10.15,4,6,2026-08-02 05:34:27,36859.0,0.06,0.05,173.25
📈 稳定增长,Gomita Anime ,https://www.youtube.com/channel/UCV78HpY1odUrEZqpJ222ivw,76600,83000,6400,8.36,4,6,2026-08-02 05:34:34,507381.0,0.07,0.74,145.2
📈 稳定增长,Burmese Radio News,https://www.youtube.com/channel/UC4TzKrGSltQJR7GACWaHddg,29200,32500,3300,11.3,4,6,2026-08-02 05:34:40,135893.0,0.04,1.0,817.74
📈 稳定增长,小茉推文,https://www.youtube.com/channel/UCPXyaaNqOE_jEDGfvpbmrxQ,63500,68900,5400,8.5,4,6,2026-08-02 05:34:50,33.0,0.03,0.0,4647.0
📈 稳定增长,샤오리 Anime | Xiaoli Anime,https://www.youtube.com/channel/UCzY_QBd7u2Bpylm4haL1jig,16700,21200,4500,26.95,4,6,2026-08-02 05:34:51,25694.0,0.02,0.95,7952.05
📈 稳定增长,暖場劇社,https://www.youtube.com/channel/UCRNm52jAqoXCU92uBC51Y8g,18400,22600,4200,22.83,4,6,2026-08-02 05:35:03,12144.0,0.01,0.26,7131.4
📈 稳定增长,墨野短剧社,https://www.youtube.com/channel/UCsfp26rHGXnFEkWbk-oNV2g,16700,18500,1800,10.78,4,6,2026-08-02 05:35:05,56232.0,0.02,1.37,7093.6
📈 稳定增长,RAF HAVIJ,https://www.youtube.com/channel/UCU51bGwu5ETY6qhObKmkveQ,101000,107000,6000,5.94,4,6,2026-08-02 05:35:24,16248.0,0.08,27.16,1204.3
📈 稳定增长,hard living girl,https://www.youtube.com/channel/UCJsYOyXczy_yZvf8_ZbWnYA,14000,17100,3100,22.14,4,6,2026-08-02 05:35:48,42869.0,0.02,0.21,9215.85
📈 稳定增长,"love, anastasia",https://www.youtube.com/channel/UCUomsEDFKtnrF4-bDWudDGA,15500,17400,1900,12.26,4,6,2026-08-02 05:35:49,21888.0,0.05,7.37,1158.8
📈 稳定增长,ROBLOX HOSPITAL,https://www.youtube.com/channel/UCVada0r0WE5EaNwl9Ldc6lQ,23200,25900,2700,11.64,4,6,2026-08-02 05:35:57,190033.0,0.01,1.32,1800.05
📈 稳定增长,DH Talks,https://www.youtube.com/channel/UCLoTdnULDK_vcO-PLHvDoXg,70800,77600,6800,9.6,4,6,2026-08-02 05:36:00,87972.0,0.1,0.0,508.0
📈 稳定增长,Wicha en la calle,https://www.youtube.com/channel/UC6q7TxwzJqM39lETaEcQDbg,25000,27900,2900,11.6,4,6,2026-08-02 05:36:04,120492.0,0.06,0.58,1650.25
📈 稳定增长,今夜、緊急女子会,https://www.youtube.com/channel/UC82jxNJr3QtJA0acsyPN2lQ,18300,20500,2200,12.02,4,6,2026-08-02 05:36:09,166259.0,0.04,0.0,1903.0
📈 稳定增长,Nicola Legnini Batterie #DrumCover,https://www.youtube.com/channel/UCANIrFgebS31bZ2uWTf4v8w,17600,21400,3800,21.59,4,6,2026-08-02 05:36:24,30749.0,0.02,13.95,358.95
📈 稳定增长,Bbonkie,https://www.youtube.com/channel/UCpNE7ONnwtK2l1YEu0Sq7Ug,17300,19100,1800,10.4,4,6,2026-08-02 05:36:27,345.0,0.07,9.33,13833.75
📈 稳定增长,164Luke,https://www.youtube.com/channel/UC9nVUxCB8ZYhmyxJf1q2O6w,130000,138000,8000,6.15,4,6,2026-08-02 05:36:28,1688053.0,0.03,13.16,701.65
📈 稳定增长,BDC NEWS,https://www.youtube.com/channel/UCkqtmBsbmDmBjZOZTeLVOKA,13700,15200,1500,10.95,4,6,2026-08-02 05:36:34,94130.0,0.02,1.07,1132.19
📈 稳定增长,Teatro ng Mainit na Dugo,https://www.youtube.com/channel/UC5iCHh9CFvk8C1wAhGS3hAw,34900,39700,4800,13.75,4,6,2026-08-02 05:36:47,44582.0,0.02,0.84,5845.65
📈 稳定增长,MoutunZ,https://www.youtube.com/channel/UCRqgal3iEcOoaBJsb2qrufQ,15800,18300,2500,15.82,4,6,2026-08-02 05:36:52,468264.0,0.0,0.26,8640.05
📈 稳定增长,Naitao,https://www.youtube.com/channel/UCJDnccP7QRWcL0Xg7NHdpxQ,29500,32500,3000,10.17,4,6,2026-08-02 05:36:59,199304.0,0.05,6.0,1713.0
📈 稳定增长,TAROT ALICE,https://www.youtube.com/channel/UCk01ksw9RpzheCSMqSzFrmA,31700,35700,4000,12.62,4,6,2026-08-02 05:37:09,1580.0,0.11,0.0,1168.9
📈 稳定增长,Filosofía Invicta,https://www.youtube.com/channel/UCtucs8dQEAM8PQt73JreZJg,18600,23000,4400,23.66,4,6,2026-08-02 05:37:11,5352.0,0.1,0.11,251.5
📈 稳定增长,cronaca oscura,https://www.youtube.com/channel/UC99DapKDWYtUghVkGW7VPwQ,12000,14800,2800,23.33,4,6,2026-08-02 05:37:13,127690.0,0.03,1.16,170.8
📈 稳定增长,Herios Blox,https://www.youtube.com/channel/UCQQz2DTnTF_iS1K_86QKLhQ,114000,120000,6000,5.26,4,6,2026-08-02 05:37:22,303299.0,0.02,6.63,906.9
📈 稳定增长,小奶团漫剧场,https://www.youtube.com/channel/UCzmtfva0ftwccKqxINL02xw,78100,85900,7800,9.99,4,6,2026-08-02 05:37:31,24451.0,0.02,0.21,8056.3
📈 稳定增长,Vidal Lara,https://www.youtube.com/channel/UCfLyM7mBLYXOLeWO7Q9TEtA,23700,27000,3300,13.92,4,6,2026-08-02 05:37:46,85019.0,0.03,2.42,200.7
📈 稳定增长,ぽっぷん・パーラー,https://www.youtube.com/channel/UCMXgokh6CT4v7LpGwfikTkw,30800,34000,3200,10.39,4,6,2026-08-02 05:37:49,275806.0,0.1,0.0,278.0
📈 稳定增长,Caleidoscopio Emocional,https://www.youtube.com/channel/UCjNQgoKtJ82a2fWHnz8eB0g,43800,48300,4500,10.27,4,6,2026-08-02 05:37:59,15608.0,0.04,0.32,7913.45
📈 稳定增长,Chancho Gamer 2.0,https://www.youtube.com/channel/UCL4ttr6lUMsmPOe7bhGTgAA,23300,27000,3700,15.88,4,6,2026-08-02 05:38:03,33184.0,0.1,7.5,305.0
📈 稳定增长,gigolan duit,https://www.youtube.com/channel/UCQObRSEkTqZZIfbfr3ijGXw,18800,21800,3000,15.96,4,6,2026-08-02 05:38:20,10688.0,0.01,5.21,5167.55
📈 稳定增长,天意. ,https://www.youtube.com/channel/UC-jGLrQf8pac-A2IEM-PNPQ,12700,16300,3600,28.35,4,6,2026-08-02 05:38:24,183039.0,0.01,0.53,6271.3
📈 稳定增长,Записки Второй Мировой,https://www.youtube.com/channel/UCL5QoAh_dKhTSJUSIseVOPA,23500,26100,2600,11.06,4,6,2026-08-02 05:38:31,71647.0,0.02,1.95,4317.25
📈 稳定增长,نسائمُ التّلاوة,https://www.youtube.com/channel/UCtNIMFmZmiFjWZb-DQnsdsQ,28700,31700,3000,10.45,4,6,2026-08-02 05:38:34,11463.0,0.02,0.16,7086.5
📈 稳定增长,Giox23,https://www.youtube.com/channel/UCk-A3KCrFEpHqjfzbfSSn-g,232000,248000,16000,6.9,4,6,2026-08-02 05:38:36,472622.0,0.02,2.37,1157.1
📈 稳定增长,대구 전사무엘,https://www.youtube.com/channel/UC36NR6bwO5E0I7IIv7l3JRw,19200,23000,3800,19.79,4,6,2026-08-02 05:38:40,447226.0,0.01,0.0,25014.0
📈 稳定增长,Nima Noob Sag,https://www.youtube.com/channel/UCcdoVKluxNkebboCPUD4qBQ,235000,248000,13000,5.53,4,6,2026-08-02 05:38:41,64547.0,0.3,10.89,1366.55
📈 稳定增长,Archivo de Guerras Latinas 2,https://www.youtube.com/channel/UC6hgQKnB1JWs2nIZ3a0Pnqw,13700,17200,3500,25.55,4,6,2026-08-02 05:38:50,20567.0,0.03,2.21,5519.8
📈 稳定增长,Shahin Modarres | شاهین مدرس,https://www.youtube.com/channel/UCffz5Sxl1c8Md-KOnGCBONQ,11300,13300,2000,17.7,4,6,2026-08-02 05:38:53,83683.0,0.07,0.79,675.55
📈 稳定增长,လာဘ်ရွှင်ငွေဝင်ဂါထာများ,https://www.youtube.com/channel/UC3ufBw9BUnyjR2Rlax9ZIZg,16800,18700,1900,11.31,4,6,2026-08-02 05:38:58,24646.0,0.02,0.95,5633.7
📈 稳定增长,หนังรักโรแมนติก 1998,https://www.youtube.com/channel/UCVxopj8ReNs5yPzc4jJ0mXg,13500,18200,4700,34.81,4,6,2026-08-02 05:39:01,51672.0,0.03,0.89,7104.5
📈 稳定增长,心動放映室,https://www.youtube.com/channel/UCpgu4nDg5l-DHwT89Px_IQA,39800,44600,4800,12.06,4,6,2026-08-02 05:39:04,60134.0,0.01,0.79,7770.35
📈 稳定增长,MERSANA,https://www.youtube.com/channel/UC7bCVnGCML4o2Z_L9dS_Wdw,10200,11300,1100,10.78,4,6,2026-08-02 05:39:06,33215.0,0.09,1.0,3602.25
📈 稳定增长,Sabay Tamprey,https://www.youtube.com/channel/UC3qFejQHA3GzqWJhj-DI6dA,134000,142000,8000,5.97,4,6,2026-08-02 05:39:09,431299.0,0.0,5.37,193.45
📈 稳定增长,Estrellas del Cielo TV,https://www.youtube.com/channel/UCcWsfXnM_n4JPuQoHEBPufA,29300,33600,4300,14.68,4,5,2026-08-02 05:39:18,205544.0,0.01,2.37,2266.25
📈 稳定增长,Хауаши Массе ,https://www.youtube.com/channel/UC4vzLtOVdc-2ayhZmFdwIhw,20000,23200,3200,16.0,4,5,2026-08-02 05:39:36,9151.0,0.06,5.0,5091.75
📈 稳定增长,မေမြတ်နိုး - Sndar,https://www.youtube.com/channel/UCcEJtQj9JesSy_h_54Hjf_w,16700,19300,2600,15.57,4,5,2026-08-02 05:39:40,19288.0,0.12,21.95,2895.35
📈 稳定增长,The Besties Movies,https://www.youtube.com/channel/UCRI-UhNPMSKFhuoZxwuzX9g,144000,154000,10000,6.94,4,5,2026-08-02 05:39:46,170848.0,0.02,0.95,7308.9
📈 稳定增长,Mi Dorama Favorito,https://www.youtube.com/channel/UCFB6Q6bZg0qduKQxjlUgNMw,14400,16500,2100,14.58,4,5,2026-08-02 05:39:54,32475.0,0.03,2.63,2226.05
📈 稳定增长,FEDUP,https://www.youtube.com/channel/UCO_hRqEo9wNGzYBxgGeQrGw,10500,11800,1300,12.38,4,5,2026-08-02 05:39:56,4679.0,0.01,0.11,22570.1
📈 稳定增长,Upin & Ipin Animation ,https://www.youtube.com/channel/UCyUgXTPtrM3etJve2NlSzdw,284000,305000,21000,7.39,4,5,2026-08-02 05:39:58,621283.0,0.0,0.53,1135.6
📈 稳定增长,Lentera Murottal ID,https://www.youtube.com/channel/UCui5aw1QfPj6QWL1D7Nm7Tg,14700,17700,3000,20.41,4,5,2026-08-02 05:39:59,99153.0,0.01,0.21,11895.65
📈 稳定增长,JPrecap,https://www.youtube.com/channel/UCBuGrTkm8seAQ7XcmXl4HTA,22100,25700,3600,16.29,4,5,2026-08-02 05:40:06,26358.0,0.06,0.63,4280.3
📈 稳定增长,Pet~flix วงจรชีวิตสัตว์ต่างๆ,https://www.youtube.com/channel/UC5wKVzuVFXlzjEfSo0zIZUw,35400,40400,5000,14.12,4,5,2026-08-02 05:40:09,9718.0,0.06,0.16,495.2
📈 稳定增长,甜甜爱动漫,https://www.youtube.com/channel/UCcxOyvYPtsltsv1twHyopkg,118000,125000,7000,5.93,4,5,2026-08-02 05:40:13,23079.0,0.02,0.11,13103.7
📈 稳定增长,愿长安剧社HopeDrama,https://www.youtube.com/channel/UC3qlVu3s0k208GAurIkYX3Q,11300,15900,4600,40.71,4,5,2026-08-02 05:40:16,30028.0,0.01,0.47,8704.05
📈 稳定增长,Aurex Point,https://www.youtube.com/channel/UCx968T1WBtI5ZKxa2IdFu2A,20800,23900,3100,14.9,4,5,2026-08-02 05:40:21,312228.0,0.0,1.16,5942.4
📈 稳定增长,小雨动漫社,https://www.youtube.com/channel/UCwg25NLyaKPJ1ZEOnjr6Tsw,21100,23500,2400,11.37,4,5,2026-08-02 05:40:23,61492.0,0.02,2.32,6839.9
📈 稳定增长,Movie Topic,https://www.youtube.com/channel/UCqn0PcOplEf--P00fo8CXbA,220000,233000,13000,5.91,4,5,2026-08-02 05:40:32,28194.0,0.0,0.05,7152.0
📈 稳定增长,聚焦娛壇,https://www.youtube.com/channel/UCXlDPg_kNX7eC3_J_xKnVzg,12700,15300,2600,20.47,4,5,2026-08-02 05:40:34,97124.0,0.01,0.26,158.35
📈 稳定增长,KofiBlox,https://www.youtube.com/channel/UCncqXV9PXaFQQZeQdAloN_g,45300,50100,4800,10.6,4,5,2026-08-02 05:40:38,147562.0,0.02,1.79,765.2
📈 稳定增长,إذاعة صوت الحرم - Holy Quran Radio,https://www.youtube.com/channel/UCV58OwUkG0KHpRp2ZAHbszg,14400,16900,2500,17.36,4,5,2026-08-02 05:40:42,515.0,0.02,0.05,5997.1
📈 稳定增长,白井チャンネル,https://www.youtube.com/channel/UCSsVfEMceGcSIFacgHBtmPQ,11000,13300,2300,20.91,4,4,2026-08-02 05:40:50,40134.0,0.08,0.5,3175.33
📈 稳定增长,maben1117,https://www.youtube.com/channel/UCYE6gnpp-2nc0tWFd0ud_gw,11600,14800,3200,27.59,4,4,2026-08-02 05:40:57,21206.0,0.04,0.21,4137.2
📈 稳定增长,Blazeyyy,https://www.youtube.com/channel/UCpf5hJhAGVLlAd7HCF-Ub_Q,92000,99100,7100,7.72,4,4,2026-08-02 05:41:17,51660.0,0.02,0.89,7122.7
📈 稳定增长,Hanif Thamrin,https://www.youtube.com/channel/UCkqDgAg-mSqv_4GSNMlYvPw,195000,207000,12000,6.15,4,4,2026-08-02 05:41:25,71275.0,0.04,0.58,4006.5
📈 稳定增长,天龍短劇,https://www.youtube.com/channel/UC4nze-u8IFyKP_IoySr7eyA,11700,13000,1300,11.11,4,4,2026-08-02 05:41:37,2226.0,0.01,0.11,7488.4
📈 稳定增长,Damon Alexander Home,https://www.youtube.com/channel/UCgBiaIFZZBQupxqgksmrCZw,11600,13500,1900,16.38,4,3,2026-08-02 05:41:58,82517.0,0.08,0.0,1307.0
📈 稳定增长,Rozana Full Drama Hindi,https://www.youtube.com/channel/UCU_Vf51j9_X7n2-fXOUnGig,32500,36300,3800,11.69,4,3,2026-08-02 05:42:19,63543.0,0.03,1.11,6751.3
📈 稳定增长,星火剧场SuperDrama,https://www.youtube.com/channel/UCLuU2iYXnEFHLqjuLPthtbA,10800,12200,1400,12.96,4,3,2026-08-02 05:42:21,62616.0,0.02,1.16,8378.15
📈 稳定增长,笑笑看剧,https://www.youtube.com/channel/UC1q9vIugAGSS0zMJJXSsLkQ,16100,18900,2800,17.39,4,3,2026-08-02 05:42:22,35349.0,0.01,1.5,5807.71
📈 稳定增长,Sorry I Brought It Up with Mel Zee,https://www.youtube.com/channel/UCi0wxtgBGNoEDGB84Zp4Yvg,56600,61600,5000,8.83,3,6,2026-08-02 05:33:36,126090.0,0.09,3.47,179.55
📈 稳定增长,樂可劇場,https://www.youtube.com/channel/UCiFjZ_u27N_9tiWbM5PzFsQ,45600,49800,4200,9.21,3,6,2026-08-02 05:33:44,13888.0,0.02,0.26,7208.6
📈 稳定增长,Khit Thit Mandalay,https://www.youtube.com/channel/UCD8JNOpAEIO_rK14MrTt1Qw,34400,37400,3000,8.72,3,6,2026-08-02 05:34:39,75086.0,0.02,0.21,1012.15
📈 稳定增长,Mahika Drama,https://www.youtube.com/channel/UCYyBAZ-O8H6IERJydr9NQwQ,82800,88500,5700,6.88,3,6,2026-08-02 05:34:59,238190.0,0.01,1.0,6073.2
📈 稳定增长,Rakista Cover,https://www.youtube.com/channel/UCOJzlYnqjO1HN_C_wSq_8EA,33000,35700,2700,8.18,3,5,2026-08-02 05:35:00,102832.0,0.01,1.47,1567.35
📈 稳定增长,자연-뷰티 채널,https://www.youtube.com/channel/UCUhbX2EfVmwD_pOvHwE5KGA,11400,12300,900,7.89,3,6,2026-08-02 05:35:50,33573.0,0.01,0.53,5652.15
📈 稳定增长,Esin Bahat,https://www.youtube.com/channel/UCw7Epp13nVK_bz7Mua_o0TA,240000,251000,11000,4.58,3,6,2026-08-02 05:35:54,324908.0,0.03,60.16,1756.95
📈 稳定增长,ستار الدرامية - StarDrama Tv,https://www.youtube.com/channel/UCrIsaZzfHzOHLAhVWCL65sQ,127000,133000,6000,4.72,3,6,2026-08-02 05:35:59,3872.0,0.05,0.16,2648.7
📈 稳定增长,The Homestead Gardener,https://www.youtube.com/channel/UCRYyE7jt9G7OzaIRlD_lI4g,57500,61900,4400,7.65,3,6,2026-08-02 05:36:15,29150.0,0.06,2.0,1829.2
📈 稳定增长,Cœur Rose TV,https://www.youtube.com/channel/UCU8j3FrgH_SAV5kQJCWIsJA,46300,50700,4400,9.5,3,6,2026-08-02 05:36:18,11677.0,0.03,0.47,6896.45
📈 稳定增长,浅浅说漫,https://www.youtube.com/channel/UCdeW-4k31PuecTuMQ4Az3xg,74500,79600,5100,6.85,3,6,2026-08-02 05:36:44,92.0,0.03,0.0,3198.15
📈 稳定增长,Paul Reyes Photo Co,https://www.youtube.com/channel/UCI1Q234W9yvMOxYfu6zNirA,41300,44700,3400,8.23,3,6,2026-08-02 05:36:48,10989.0,0.03,4.05,1296.75
📈 稳定增长,بناء الأمة,https://www.youtube.com/channel/UCpaInmmiEwdbczdacM-N6WQ,25800,27900,2100,8.14,3,6,2026-08-02 05:36:55,37048.0,0.04,0.53,1650.25
📈 稳定增长,سلطة,https://www.youtube.com/channel/UCv7m_VbmEgDw2IKI4e_6vNg,20200,22100,1900,9.41,3,6,2026-08-02 05:36:57,122244.0,0.02,7.6,679.17
📈 稳定增长,SR17,https://www.youtube.com/channel/UClQ9Q7SjqZIAMPcvHp_7LoA,192000,201000,9000,4.69,3,6,2026-08-02 05:37:24,185547.0,0.04,3.68,358.15
📈 稳定增长,漫界万象 Anime Verse Official,https://www.youtube.com/channel/UCGlm0VHRo3xbnbyMhhT4PCw,35500,38800,3300,9.3,3,6,2026-08-02 05:37:32,10813.0,0.01,0.16,16782.3
📈 稳定增长,Mahi Ton,https://www.youtube.com/channel/UC7pvgVcoAOyewaohip-5hUQ,128000,134000,6000,4.69,3,6,2026-08-02 05:37:54,481353.0,0.05,29.84,1351.4
📈 稳定增长,Krótkie filmiki wirusowe,https://www.youtube.com/channel/UC8cXm81SAuJlN5b-AHjDdig,60100,64800,4700,7.82,3,6,2026-08-02 05:38:30,65992.0,0.04,0.21,157.8
📈 稳定增长,Dani Valle,https://www.youtube.com/channel/UC9isLl32rAi_pC0h9ptM0Jg,19900,21400,1500,7.54,3,6,2026-08-02 05:38:37,233484.0,0.05,25.0,1847.5
📈 稳定增长,Cœur de Drame,https://www.youtube.com/channel/UCK1JbUhfO5o3ct028V3Z_Bw,38700,42100,3400,8.79,3,6,2026-08-02 05:38:47,12176.0,0.04,0.47,6320.35
📈 稳定增长,东西游记,https://www.youtube.com/channel/UCkfBayeUIb8oByuHEwLbiSw,11400,12300,900,7.89,3,6,2026-08-02 05:39:03,53089.0,0.01,6.95,1401.8
📈 稳定增长,frungleman,https://www.youtube.com/channel/UC2Or10-GxL7WQRkVPuATLjg,10300,11200,900,8.74,3,6,2026-08-02 05:39:08,34770.0,0.07,8.26,1336.85
📈 稳定增长,Kiara-Lynn Markechova,https://www.youtube.com/channel/UCDHcqFRx8rZkcIli0uXoy0g,23600,25500,1900,8.05,3,6,2026-08-02 05:39:10,44975.0,0.04,2.11,1796.45
📈 稳定增长,政治にツッコむ女【政治解説】,https://www.youtube.com/channel/UCD9wTiyEIQlPj-XluEpQJbw,16400,17900,1500,9.15,3,5,2026-08-02 05:39:24,179950.0,0.03,1.16,588.15
📈 稳定增长,Korvio Hub,https://www.youtube.com/channel/UCzup4Ha1dJT4OyKGLKKbSrg,19400,21000,1600,8.25,3,5,2026-08-02 05:39:49,354634.0,0.01,1.47,5926.95
📈 稳定增长,Universe พากย์ไทย,https://www.youtube.com/channel/UCgr3UhjUifUkQAetX_i6MSQ,28700,31500,2800,9.76,3,5,2026-08-02 05:40:08,31751.0,0.01,0.42,6843.15
📈 稳定增长,热血爽劇君Macho Rush Drama,https://www.youtube.com/channel/UCNPSJeEMh5YhSn7kSjJ3S9A,72600,77700,5100,7.02,3,5,2026-08-02 05:40:15,102558.0,0.01,0.47,6309.05
📈 稳定增长,软糖短剧场,https://www.youtube.com/channel/UCyiogeod5aqbEBcyCJeVZmw,10300,11300,1000,9.71,3,5,2026-08-02 05:40:20,33140.0,0.01,0.47,8933.75
📈 稳定增长,K同學,https://www.youtube.com/channel/UCN9ixHSpYRIypPKpUrL9NEw,11800,12900,1100,9.32,3,5,2026-08-02 05:40:24,64557.0,0.03,9.21,923.35
📈 稳定增长,Myanmar Songs (တေးချစ်သူတို့ ဆုံဆည်းရာ Channel),https://www.youtube.com/channel/UChH30GOEJ2-TQmPSCR0Ygkw,12400,13600,1200,9.68,3,5,2026-08-02 05:40:35,2719.0,0.03,18.42,2617.65
📈 稳定增长,nymnyrnyg,https://www.youtube.com/channel/UCmagu3NdT6BHphST56m4o8A,47400,51800,4400,9.28,3,4,2026-08-02 05:41:00,324.0,0.0,0.16,559.15
📈 稳定增长,Hard Life nomad,https://www.youtube.com/channel/UCPtLJnMyVGRG-zrco2AGBiw,10100,11000,900,8.91,3,4,2026-08-02 05:41:15,10297.0,0.04,0.43,2518.38
📈 稳定增长,Dios mi Salvación,https://www.youtube.com/channel/UCBdUhJVMxZeuqhmnVH7H2ng,10700,11600,900,8.41,3,4,2026-08-02 05:41:22,23578.0,0.09,6.89,1457.35
📈 稳定增长,动漫剧社—Anime Drama Club,https://www.youtube.com/channel/UCXF84j3cGh2ASWG8yosKXTw,30100,32400,2300,7.64,3,4,2026-08-02 05:41:34,247.0,0.03,0.05,5400.4
📈 稳定增长,Alpha Series,https://www.youtube.com/channel/UCeuwLHAkGeQug0uPxTsO01w,80000,85400,5400,6.75,3,4,2026-08-02 05:41:39,99134.0,0.0,1.16,5137.75
📈 稳定增长,海辺暮らし / よもぎ,https://www.youtube.com/channel/UCo7xoQuwqf0zd0pG0ZruQAA,109000,114000,5000,4.59,2,6,2026-08-02 05:34:01,256537.0,0.01,9.16,837.95
📈 稳定增长,HorecaTV,https://www.youtube.com/channel/UCi80UULIAIoYAwoq0W1AH3w,22800,24000,1200,5.26,2,6,2026-08-02 05:34:19,6250.0,0.0,5.32,352.75
📈 稳定增长,Inside China Lives,https://www.youtube.com/channel/UCdCTCZ7Bz82AyBwETDeZ8Pg,79800,84000,4200,5.26,2,6,2026-08-02 05:34:46,300880.0,0.03,12.89,1009.4
📈 稳定增长,薄荷小屋,https://www.youtube.com/channel/UCvFRuqqcxc92-DmBatZdRRw,55700,59400,3700,6.64,2,6,2026-08-02 05:34:56,10938.0,0.02,0.11,34162.5
📈 稳定增长,冰糖書屋,https://www.youtube.com/channel/UC_MVTeuC9-Xnho6Mr6a1uww,23700,24900,1200,5.06,2,6,2026-08-02 05:34:58,1061.0,0.02,0.0,6295.85
📈 稳定增长,Zoe Mu ,https://www.youtube.com/channel/UCvEHITRbtO4aY4C1rJ-qNug,28300,29900,1600,5.65,2,6,2026-08-02 05:35:08,5628.0,0.07,0.26,1814.0
📈 稳定增长,The Current Cinema,https://www.youtube.com/channel/UCFlxXFqd17FCjxSn6C6aKsQ,25700,27600,1900,7.39,2,6,2026-08-02 05:35:12,294769.0,0.0,0.58,6911.1
📈 稳定增长,Nostalgia Latina,https://www.youtube.com/channel/UC6Y7Hk0Otm2xeX1WoHOQp6Q,34300,36300,2000,5.83,2,6,2026-08-02 05:35:22,157734.0,0.02,2.32,1992.5
📈 稳定增长,Grog's Garage,https://www.youtube.com/channel/UCkIVq5yg3mZ10I4rbGBa1TA,26600,28100,1500,5.64,2,6,2026-08-02 05:35:27,59761.0,0.15,0.0,235.0
📈 稳定增长,CINE MAXIMO,https://www.youtube.com/channel/UCrBXt-Dp6deipcZwz_8Y7Vw,19500,20900,1400,7.18,2,6,2026-08-02 05:35:33,60377.0,0.01,2.89,6791.3
📈 稳定增长,Burmese Radio Channel,https://www.youtube.com/channel/UC13maJY39ewecbdWs5PjlPA,71400,76000,4600,6.44,2,6,2026-08-02 05:35:38,75316.0,0.04,0.37,1281.1
📈 稳定增长,แมวสยามเล่าเรื่อง,https://www.youtube.com/channel/UCjjz3-uE_Wxx-1KgJWIJbOQ,61200,65100,3900,6.37,2,6,2026-08-02 05:35:39,475142.0,0.01,3.63,6338.5
📈 稳定增长,ともきの日常,https://www.youtube.com/channel/UCrDzlAwqL0tZgFddzCNV82Q,77000,81700,4700,6.1,2,6,2026-08-02 05:36:08,285781.0,0.02,0.53,167.3
📈 稳定增长,ShadoTV,https://www.youtube.com/channel/UCurJkPdV1uYCbTyZs4r1VDQ,40900,43300,2400,5.87,2,6,2026-08-02 05:36:19,83729.0,0.02,18.47,7699.25
📈 稳定增长,ЗА ВЕРСТУ,https://www.youtube.com/channel/UCuUH2_MlIpWpJnWZKeyVGrQ,24900,26500,1600,6.43,2,6,2026-08-02 05:36:29,194198.0,0.06,10.5,1982.0
📈 稳定增长,Jonas Juegos,https://www.youtube.com/channel/UC5uHiZ5MKShvD4t5ACW8sFw,26700,28700,2000,7.49,2,6,2026-08-02 05:36:32,185477.0,0.02,2.93,1514.67
📈 稳定增长,စေတနာရှင်ကိုကိုမောင်ဟုခေါ်သည်,https://www.youtube.com/channel/UC1vBsNpb_uxCMMrc3gunUVQ,12100,12800,700,5.79,2,6,2026-08-02 05:36:38,14092.0,0.17,1.5,1170.73
📈 稳定增长,正能量星推官,https://www.youtube.com/channel/UCaki0BTbBcZgHmv0zwM96aQ,50300,53500,3200,6.36,2,6,2026-08-02 05:36:39,699058.0,0.03,0.89,171.0
📈 稳定增长,British Stand Archive,https://www.youtube.com/channel/UCpXpmLCcwTZR4wUVnyMkQtA,13400,14400,1000,7.46,2,6,2026-08-02 05:37:03,77143.0,0.06,0.25,327.0
📈 稳定增长,The Sound Gallery,https://www.youtube.com/channel/UCEpO0H27QoOv9L4zy-uX77g,22800,24500,1700,7.46,2,6,2026-08-02 05:37:16,1094.0,0.04,1.47,4076.7
📈 稳定增长,Dyxe Light,https://www.youtube.com/channel/UCU6nI3WFa1j13t5zzOt0cKA,11000,11700,700,6.36,2,6,2026-08-02 05:37:23,275122.0,0.01,5.63,361.85
📈 稳定增长,Teatro ng Umaagos na Liwanag,https://www.youtube.com/channel/UC0s5Gkox5iXUGxOvk1bHbaA,42700,45200,2500,5.85,2,6,2026-08-02 05:37:33,42887.0,0.02,0.47,6311.75
📈 稳定增长,Romansa Atbp.,https://www.youtube.com/channel/UCm7p9qUcnsgEM3vhdFUSXcQ,67400,72200,4800,7.12,2,6,2026-08-02 05:37:34,48944.0,0.02,0.53,6717.65
📈 稳定增长,El Arte del Trago,https://www.youtube.com/channel/UCvRUjfIq1bhH6FjXSGvZAVg,37400,40000,2600,6.95,2,6,2026-08-02 05:37:44,278142.0,0.03,27.38,899.22
📈 稳定增长,もう一度だけVTuberやってもいい? 🅥,https://www.youtube.com/channel/UCtp1nFt0-kuM7s6vlgDRHJQ,79000,83400,4400,5.57,2,6,2026-08-02 05:37:47,12836.0,0.12,2.11,10178.8
📈 稳定增长,Mitos y Mentes,https://www.youtube.com/channel/UCa1fgYaJ1uCIzW8GhlNH6mw,84400,89300,4900,5.81,2,6,2026-08-02 05:37:58,118072.0,0.06,9.95,1356.2
📈 稳定增长,Relatos de Eterya,https://www.youtube.com/channel/UCt7J_BNEiy2qJzKqZXAGvig,52600,55500,2900,5.51,2,6,2026-08-02 05:38:01,1692504.0,0.01,57.4,1330.33
📈 稳定增长,danfox,https://www.youtube.com/channel/UCDOE9h1VcZa9v0F9ER49LHg,12700,13400,700,5.51,2,6,2026-08-02 05:38:07,136347.0,0.03,7.11,1217.3
📈 稳定增长,SoyMoru,https://www.youtube.com/channel/UCbJIO8HdC84JDkqb8db-QDw,51800,54500,2700,5.21,2,6,2026-08-02 05:38:08,199824.0,0.02,5.89,869.9
📈 稳定增长,嘉睿隊長對對對,https://www.youtube.com/channel/UC7il1rn3ZbmwcFKWuTnoBDQ,13500,14400,900,6.67,2,6,2026-08-02 05:38:21,108425.0,0.11,0.0,1024.0
📈 稳定增长,PURPLE QUEEN MUSIC,https://www.youtube.com/channel/UCKFsMvtEyJRceDw2a0hHAdA,52900,56800,3900,7.37,2,6,2026-08-02 05:38:54,73448.0,0.01,0.74,1892.05
📈 稳定增长,NITRO REEL,https://www.youtube.com/channel/UCP4Rlz9XRH-XPXQbq-Q5-DA,41900,44400,2500,5.97,2,6,2026-08-02 05:39:14,84224.0,0.01,3.25,5731.65
📈 稳定增长,Constantin Schreiber,https://www.youtube.com/channel/UCCjFyYSjI13WhmRYoAFI0ag,86700,91100,4400,5.07,2,5,2026-08-02 05:39:31,96424.0,0.09,0.89,1066.25
📈 稳定增长,Historian`s Front,https://www.youtube.com/channel/UCxn_Vzd7Zd7JerJaYSGY2aA,105000,110000,5000,4.76,2,5,2026-08-02 05:39:33,256362.0,0.05,1.95,144.15
📈 稳定增长,Public Transport and Card Hacks,https://www.youtube.com/channel/UCuNFM8ea90adY53n2J2i5Eg,17700,18800,1100,6.21,2,5,2026-08-02 05:39:43,28764.0,0.06,7.0,1878.0
📈 稳定增长,Storm Cinema,https://www.youtube.com/channel/UCGb1nmcfqXbf7EPncWMZfvA,16900,17900,1000,5.92,2,5,2026-08-02 05:39:53,145971.0,0.01,1.74,10425.3
📈 稳定增长,리성 단편 연극회,https://www.youtube.com/channel/UCPk97AuvU6eORLrNIB07C8g,18900,20100,1200,6.35,2,5,2026-08-02 05:40:19,35698.0,0.01,0.63,7049.3
📈 稳定增长,Teatro ng Astig,https://www.youtube.com/channel/UCeBEf_iw7zUcNtQi8KQQ-Kw,51200,55000,3800,7.42,2,5,2026-08-02 05:40:27,116216.0,0.02,0.95,7028.4
📈 稳定增长,Balyena Teatro,https://www.youtube.com/channel/UC371MfpO_QnoI5UHDwbngyA,42200,44900,2700,6.4,2,5,2026-08-02 05:40:28,59435.0,0.01,0.95,8778.3
📈 稳定增长,SoyScruffy,https://www.youtube.com/channel/UCme6m2rD7GtyXaP_YwGXYiQ,43800,47000,3200,7.31,2,4,2026-08-02 05:41:05,221569.0,0.01,1.0,599.85
📈 稳定增长,ASMR Glow Français,https://www.youtube.com/channel/UC67qoNHpgnTYbNkl6sF_-eQ,18600,19700,1100,5.91,2,4,2026-08-02 05:41:13,117796.0,0.05,34.25,1397.8
📈 稳定增长,AGENTE SECRETO - ROBLOX,https://www.youtube.com/channel/UCB8w4jEQzhWLpnczgimRJXA,22400,23700,1300,5.8,2,4,2026-08-02 05:41:19,17120.0,0.02,2.05,1019.55
📈 稳定增长,Elixya,https://www.youtube.com/channel/UCHp_ZKkvSRegmGg-RkJTgDQ,48200,51300,3100,6.43,2,4,2026-08-02 05:41:28,84007.0,0.01,0.63,4202.6
📈 稳定增长,ละครจีนพากย์ไทยฟรี,https://www.youtube.com/channel/UCSV7BUgcHxKqW33Br9m6vtA,29700,31200,1500,5.05,2,4,2026-08-02 05:41:29,49717.0,0.01,1.0,6564.0
📈 稳定增长,小天说漫,https://www.youtube.com/channel/UC-NROqvtnns-ZCghOnpEx7Q,11500,12100,600,5.22,2,4,2026-08-02 05:41:41,5275.0,0.03,0.47,2892.9
📈 稳定增长,Mark's Expedition,https://www.youtube.com/channel/UCZulk6EceHAr4YbWvlFSevg,10900,11700,800,7.34,2,4,2026-08-02 05:41:42,30333.0,0.07,27.16,710.4
📈 稳定增长,nelvox,https://www.youtube.com/channel/UCJmSOFcBuiBe-6Hkt6EtDcw,22600,23900,1300,5.75,2,4,2026-08-02 05:41:44,90169.0,0.05,3.68,2019.1
📈 稳定增长,S30NGH0,https://www.youtube.com/channel/UCzD_-u6VOrzDW0R9wIpkdVg,56800,60500,3700,6.51,2,3,2026-08-02 05:41:57,31490.0,0.0,1.11,227.7
📈 稳定增长,SounZgood IT,https://www.youtube.com/channel/UCeldiIJ73JiFuD_ReyJ956g,17800,19100,1300,7.3,2,3,2026-08-02 05:42:03,10048.0,0.02,1.68,221.5
📈 稳定增长,愛覺醒所,https://www.youtube.com/channel/UClV8pVxZwdHmDRWuif9RQBA,15800,16600,800,5.06,2,3,2026-08-02 05:42:17,70235.0,0.01,0.16,149.45
📈 稳定增长,Ray官方中文頻道,https://www.youtube.com/channel/UCnlxKSJgRAKxD_l8m87Z6Mw,95500,100000,4500,4.71,1,6,2026-08-02 05:34:45,307687.0,0.02,2.25,713.67
📈 稳定增长,Pinoy Sweet Drama,https://www.youtube.com/channel/UCIg0Fyv38KoVuC_P9Ex2bJw,70200,73700,3500,4.99,1,6,2026-08-02 05:35:42,29803.0,0.02,0.84,7686.5
📈 稳定增长,Michał Karnowski,https://www.youtube.com/channel/UCg_BIpe3XBtmatrbzj4UPtw,39000,40800,1800,4.62,1,6,2026-08-02 05:35:55,24976.0,0.16,1.47,1334.45
📈 稳定增长,OSUS TV,https://www.youtube.com/channel/UCH28sg629YfRFT5Yxt3NfUg,32800,34300,1500,4.57,1,6,2026-08-02 05:36:14,94148.0,0.13,1.05,324.65
📈 稳定增长,نجوم الدراما القصيرة⭐,https://www.youtube.com/channel/UC6CvdxQn5Sr3Pnf-YDTDkSw,76500,80000,3500,4.58,1,6,2026-08-02 05:36:54,19246.0,0.03,0.42,7858.1
📈 稳定增长,Ian Corona,https://www.youtube.com/channel/UC45l2ivA8S-Ysvg3gUeel-g,59700,62600,2900,4.86,1,5,2026-08-02 05:39:19,170274.0,0.1,1.74,158.65
📈 稳定增长,LOBAY FUNTSHO ,https://www.youtube.com/channel/UCyMeakNI3KqDpyZ-bVG4ajA,22200,23300,1100,4.95,1,5,2026-08-02 05:39:44,10605.0,0.14,1.26,867.15
📈 稳定增长,Chillz Top Videos,https://www.youtube.com/channel/UCefToFlVHW_5SG_cnLgVjiw,30800,32300,1500,4.87,1,5,2026-08-02 05:39:45,103764.0,0.02,5.09,3690.17
📈 稳定增长,F De Frank,https://www.youtube.com/channel/UCFEaEJ15_DtwdZn2YHCAlZw,23000,24100,1100,4.78,1,5,2026-08-02 05:39:50,227860.0,0.05,7.84,823.45
📈 稳定增长,鱼丸队长,https://www.youtube.com/channel/UCOLH8tqxWpB8CnzqOFYkeVA,12400,13000,600,4.84,1,5,2026-08-02 05:40:30,52804.0,0.02,5.84,805.0
📈 稳定增长,Spanish with Wes!,https://www.youtube.com/channel/UCTebWgswPfix9QVeeXKA8NA,23600,24700,1100,4.66,1,4,2026-08-02 05:41:43,1003.0,0.03,6.95,478.9
🔥 高潜力,PIVOT CAREER,https://www.youtube.com/channel/UCnuJEgRFwy8BNZiJEr8ewyQ,81300,152000,70700,86.96,8,6,2026-08-02 05:34:02,39564.0,0.01,4.21,1489.4
🔥 高潜力,Esraa Gaming ,https://www.youtube.com/channel/UCz-H1BVdzwfjTIE9KD5kIMA,183000,234000,51000,27.87,8,5,2026-08-02 05:40:43,656097.0,0.14,0.0,291.0
